参数1_文本,参数3_文本
,有冇師兄去食小炒會堅持要每碟餸都用鐵板上？
講真 食椒鹽鮮魷 咭嚕肉呢d 如果冇用鐵板上不如唔能好食 完全冇哂鑊氣同果啖香口,有冇師兄去食小炒會堅持要每碟餸都用鐵板上？
你係講出黎想搞笑定點樣,有冇師兄去食小炒會堅持要每碟餸都用鐵板上？
即係類似食啫煲唔能用啫煲 鋸扒冇jarjar聲咁,有冇師兄去食小炒會堅持要每碟餸都用鐵板上？
識食一定係用鐵板上,有冇師兄去食小炒會堅持要每碟餸都用鐵板上？
食開鐵板魚生,有冇師兄去食小炒會堅持要每碟餸都用鐵板上？
咁你就唔燃好食,有冇師兄去食小炒會堅持要每碟餸都用鐵板上？
識食一定係用原隻鐵鑊上,有冇師兄去食小炒會堅持要每碟餸都用鐵板上？
係邊到食椒鹽鮮魷 咭嚕肉 用鐵板上,有冇師兄去食小炒會堅持要每碟餸都用鐵板上？
係邊到食椒鹽鮮魷 咭嚕肉 用鐵板上,Null
係邊到食椒鹽鮮魷 咭嚕肉 用鐵板上,Null
係邊到食椒鹽鮮魷 咭嚕肉 用鐵板上,48歲吳彥祖近照曝光 肚腩凸凸男神變大叔?
48歲男星吳彥祖自出道以來憑着俊朗外表，風靡萬千少女，是大家公認的男神，近年舉家前往美國，並把事業重心轉移至當地，但一向是鎂光燈焦點的他，一外出便招粉絲合照，極為親民的他對粉絲要求合影留念亦來者不拒，近日有粉絲在社交平台上分享在紐約博物館偶遇吳彥祖一家三口，合照中可見吳彥祖男神大崩壞，肚腩顯而易見，髮際線更向後移動了不少，導致不少網民直言他大叔味勁濃！,48歲吳彥祖近照曝光 肚腩凸凸男神變大叔?
都仲係好撚型比起其他5張大叔,48歲吳彥祖近照曝光 肚腩凸凸男神變大叔?
腸少好,48歲吳彥祖近照曝光 肚腩凸凸男神變大叔?
Bot,48歲吳彥祖近照曝光 肚腩凸凸男神變大叔?
都係型呀……,48歲吳彥祖近照曝光 肚腩凸凸男神變大叔?
喺屋邨公園搵唔搵到咁型嘅阿叔？好心啦妓者乜都吹一餐,48歲吳彥祖近照曝光 肚腩凸凸男神變大叔?
鴨先係bot,48歲吳彥祖近照曝光 肚腩凸凸男神變大叔?
彦祖嚟啦！！by 胡迪,48歲吳彥祖近照曝光 肚腩凸凸男神變大叔?
"有佬味 幾正

好過XG 大內宣12子",48歲吳彥祖近照曝光 肚腩凸凸男神變大叔?
都鍾意 我可以,48歲吳彥祖近照曝光 肚腩凸凸男神變大叔?
"48歲咁嘅樣
換件企理啲嘅衫褲
都橫掃30歲以上中女啦",48歲吳彥祖近照曝光 肚腩凸凸男神變大叔?
"48又真係大叔喎
唔通仲叫佢𡃁仔咩
佢符合番佢個年紀啫 有咩問題",48歲吳彥祖近照曝光 肚腩凸凸男神變大叔?
"屌啦仲係好撚型棍
崩你老味壞",48歲吳彥祖近照曝光 肚腩凸凸男神變大叔?
你係腸粉,48歲吳彥祖近照曝光 肚腩凸凸男神變大叔?
頭髮復活?,48歲吳彥祖近照曝光 肚腩凸凸男神變大叔?
開始無咩星味,48歲吳彥祖近照曝光 肚腩凸凸男神變大叔?
唔知寫佢果個記者有幾型呢,48歲吳彥祖近照曝光 肚腩凸凸男神變大叔?
都話米叫少,48歲吳彥祖近照曝光 肚腩凸凸男神變大叔?
唔好搞咁多野,48歲吳彥祖近照曝光 肚腩凸凸男神變大叔?
搵我呀？,48歲吳彥祖近照曝光 肚腩凸凸男神變大叔?
腸少好,48歲吳彥祖近照曝光 肚腩凸凸男神變大叔?
關你咩事,48歲吳彥祖近照曝光 肚腩凸凸男神變大叔?
低調牙,48歲吳彥祖近照曝光 肚腩凸凸男神變大叔?
唔好搞大佢,48歲吳彥祖近照曝光 肚腩凸凸男神變大叔?
唔好搞大佢,"幾時開始依家門將唔係救波叻,而係傳波控波叻?"
"咁既話,以前d神龍舒米高,簡尼,卡斯拿斯,保方係依家咪唔洗生存?
個門將唔止要識救波,而要識控波,有腳下技術仲要識傳波
我覺得哥迪奧拿呢樣野真係好反智

睇住曼聯依家買既呢個前阿積士門將
https://www.youtube.com/watch?v=kGTKfXlMQts
足球真係進步得好大,由以前紐亞當後衛咁踢
到依家原來門將仲要識得長傳要準","幾時開始依家門將唔係救波叻,而係傳波控波叻?"
"就好似傳統玩反應既當拿隆馬依家都真係收收地皮
以前呢類門將先係主流","幾時開始依家門將唔係救波叻,而係傳波控波叻?"
黎明=垃圾,"幾時開始依家門將唔係救波叻,而係傳波控波叻?"
"因為出左個紐亞改寫左標準

條友全盛時期由救波腳法速度氣勢領養力乜都有","幾時開始依家門將唔係救波叻,而係傳波控波叻?"
"你唔好本末倒置先

你所講現代要求門將控傳叻

其實前提都係要撲救能力唔差

艾利臣，紐亞，艾達臣，達史迪根全部撲救能力都有返咁上下，甚至係世界級

如果只係識傳，撲救廢嘅，一樣上唔到大枱","幾時開始依家門將唔係救波叻,而係傳波控波叻?"
咁即係反智定進步,"幾時開始依家門將唔係救波叻,而係傳波控波叻?"
"但對比舊有既雲達沙,舒米高,簡尼同保方
呢堆救波同反應已經叫差
但以前既門將出晒名唔需要太好腳下功夫
依家係反智到個門將原來要10項全能
救波反而唔係最重要果環","幾時開始依家門將唔係救波叻,而係傳波控波叻?"
你就算講近代施治都唔係呢種類型,"幾時開始依家門將唔係救波叻,而係傳波控波叻?"
紐亞反應救波點會差過呢四條友,"幾時開始依家門將唔係救波叻,而係傳波控波叻?"
傳波控波叻果班大會龍門，人地救波都係好撚勁架,"幾時開始依家門將唔係救波叻,而係傳波控波叻?"
史高斯守龍都叻,"幾時開始依家門將唔係救波叻,而係傳波控波叻?"
係奧沙呀屌你老母,"幾時開始依家門將唔係救波叻,而係傳波控波叻?"
"你係勁嘅咪諗套用白界反應龍嘅戰術揪低光頭佬龍門傳控囉
贏唔到波講經","幾時開始依家門將唔係救波叻,而係傳波控波叻?"
"比起以前果班神人唔算快
舒米高以前成個身封晒你射波
你連位都睇唔到,簡尼又係
佢之後個仔卡斯柏舒米高
都做唔到佢老豆做既野
都係玩反應

只可以講依家門將已經唔同以前
我都估唔到今時今日進步到個門將
原來仲要傳都得","幾時開始依家門將唔係救波叻,而係傳波控波叻?"
"紐亞點差過佢地
弱智仔 救波都係最重要 但係而家大把勁龍門救波頂級 控傳都勁","幾時開始依家門將唔係救波叻,而係傳波控波叻?"
"反智唔好睇囉
你重播J歷史咪算囉","幾時開始依家門將唔係救波叻,而係傳波控波叻?"
結果又係J舊人,"幾時開始依家門將唔係救波叻,而係傳波控波叻?"
"我認為係反智
理由係門將愈黎愈難生存
門將唔在只係單單係要反應夠
而且仲要門將識得進攻,要識控波,有時要扭埋波
仲要變左做埋後衛
目的就係減少失控球權,加大個控球權
好似迪基亞舒米高雲達沙保方呢種
大個大腳送個去比前鋒頂唔再係咁簡單
而要精準到要傳到比隊友

依家好多門將位置都會變左由防中
前鋒轉型去踢

另一層面對足球黎講係進步既
因為門將唔再局限係反應同救波能力上
而更著重一個門將要識進攻
但同時有得必有失
就係門線技術同反應會慢慢退步
同以前果堆玩反應既神經龍無得比","幾時開始依家門將唔係救波叻,而係傳波控波叻?"
"一路想問點解你咁大怨氣

好似每日上黎都要keep 住憤怒狀態
大家每日都見 每日都會一齊吹水
點解一定要搵一兩句黎屌
咁傾計開心咩￼?

我絕對唔洗岩哂
所以你覺得你岩 絕對可以你岩哂
你覺得邊個 係史高斯 係黎明
完全無所謂 對我完全無影響
完全可以你岩哂

我無能力令每一個人都同一立場
所以你有唔一樣既感覺 觀點
我100% respect 你

只係想你搞清楚
你岩哂無問題 你覺得佢係點都無問題
不過唔需要下下都屌老母
我無殺左你全家 強奸你條女 燒左你間屋￼","幾時開始依家門將唔係救波叻,而係傳波控波叻?"
"對住D不知所謂既留言
我唔屌柒佢老母算我唔俾面佢
呢班撚樣係需要屌柒佢地先安樂","幾時開始依家門將唔係救波叻,而係傳波控波叻?"
"要求龍門有多項能力有咩咁反智
吉蛇都on99","幾時開始依家門將唔係救波叻,而係傳波控波叻?"
"足壇都市傳說：紐亞反應救波差
佢唔係用呢樣嘢做賣點唔代表佢反應救波唔得","幾時開始依家門將唔係救波叻,而係傳波控波叻?"
佢嘅世界就係非黑即白 要多樣識用波就等於唔要求識撲救,"幾時開始依家門將唔係救波叻,而係傳波控波叻?"
"我只係想問咁樣只會減少更多出色既門將出現
好似以前果堆卡斯拿斯,保方,雲達沙,到施治
有邊個真係要個門將要護波叻,又要識傳波
仲要識扭人
就好似依家傳統既當拿隆馬,當年吹到新保方
依家就算有個保方都會比時代收皮
因為唔識傳波","幾時開始依家門將唔係救波叻,而係傳波控波叻?"
"我只係想問咁樣只會減少更多出色既門將出現
好似以前果堆卡斯拿斯,保方,雲達沙,到施治
有邊個真係要個門將要護波叻,又要識傳波
仲要識扭人
就好似依家傳統既當拿隆馬,當年吹到新保方
依家就算有個保方都會比時代收皮
因為唔識傳波",無知一問基督教小學教聖經，佛教小學讀佛經？
"今日經過一間佛教中學，記起小學讀基督教小學要讀聖經，食飯前要祈禱。

雖然唔知係咪教育局既小學必修課程，咁但係唔會係佛教小學到教聖經掛，

所以實際上係咪會教佛經，講下取西經之類既佛學，考下佛學測驗咁。

咁冇宗教背景既小學係咪又可以讀小一科呢",無知一問基督教小學教聖經，佛教小學讀佛經？
係會教佛經會考有佛學考,無知一問基督教小學教聖經，佛教小學讀佛經？
我地每朝要企係大堂跟住個訓導祈禱1 分鍾 聽佢係台上鳩up 要得低頭哩埋眼 佛教小學要點,無知一問基督教小學教聖經，佛教小學讀佛經？
祈禱變念經？,無知一問基督教小學教聖經，佛教小學讀佛經？
脱維善有冇教可蘭經？,無知一問基督教小學教聖經，佛教小學讀佛經？
我估有77個處女等緊大家！！,無知一問基督教小學教聖經，佛教小學讀佛經？
"會讀佛學，當然唔係直接讀經文，小學咁細個，通常都係講下d佛教故事，講下d戒律咁

早會會唱佛寶歌，會有浴佛節，以前佛誕仲未係公眾假期既時候會有學校假期",無知一問基督教小學教聖經，佛教小學讀佛經？
"我小學係佛教，間小學有間佛堂，真係有個環節係禮佛，成班人輪流入去拜佛
不過唔係日日去，係佛教堂先會去",無知一問基督教小學教聖經，佛教小學讀佛經？
取西經應該唔係佛學.....,無知一問基督教小學教聖經，佛教小學讀佛經？
"佛學，一半講歷史，一半講初級佛教，集會時頌佛號，喃嘸xxxxxxx 十次
無野要拜，係禮堂長期有注香不過唔算太臭",無知一問基督教小學教聖經，佛教小學讀佛經？
基督教個班信徒太撚假 想嘔,無知一問基督教小學教聖經，佛教小學讀佛經？
聖經堂都係 講下五餅二魚 講下係羊群中生出耶穌,無知一問基督教小學教聖經，佛教小學讀佛經？
有冇學生因為宗教信抑問題唔肯拜,無知一問基督教小學教聖經，佛教小學讀佛經？
記憶中就冇因為都成20年前,無知一問基督教小學教聖經，佛教小學讀佛經？
"我終於明點解有時係班fd 面前講下d 濕鳩難gag , 例如食飯前大聲講 求主耶穌 賜我飲食 xxxxxxx,

冇人明尷尷介介 原來係大家個底唔同 我仲以為全港小學統一食飯要祈禱",無知一問基督教小學教聖經，佛教小學讀佛經？
點會唔係,無知一問基督教小學教聖經，佛教小學讀佛經？
"玄奘, 即係歷史上嘅唐三藏, 真係有去天竺學習14年, 再帶啲經返唐國翻譯, 係兩大中文佛經譯經家之一
係咪等於樓主講嘅取西經就唔知",無知一問基督教小學教聖經，佛教小學讀佛經？
"入得佛教都估到有佛野要做

不過唔想都冇人逼你 真心佛教算好包容其他宗教

我以前就未識人信基督教 但入左佛教學校",無知一問基督教小學教聖經，佛教小學讀佛經？
我知佢係去最西經 跟住又翻譯唔少佛經 不過去人竺嘅過程 都係佛學之一？,無知一問基督教小學教聖經，佛教小學讀佛經？
道教小學教道德經？,無知一問基督教小學教聖經，佛教小學讀佛經？
好懷念頌佛號,無知一問基督教小學教聖經，佛教小學讀佛經？
我果間傳統小小 要背金鋼經同學大力金剛指,無知一問基督教小學教聖經，佛教小學讀佛經？
有無足球隊,無知一問基督教小學教聖經，佛教小學讀佛經？
"雖然我唔知佛學個Syllabus係點
但我諗歷史背景、啲經點嚟都要知下嘅",無知一問基督教小學教聖經，佛教小學讀佛經？
咁多佛教中小學 不如搵個讀過既出黎講下咪得,無知一問基督教小學教聖經，佛教小學讀佛經？
咁多佛教中小學 不如搵個讀過既出黎講下咪得,打波整親條女個鼻 俾人屈我賠湯藥費 (2)
"原文：https://lih.kg/3435859

無話偏幫邊一邊，兩位主角我都只可以話係知邊個但係唔熟。不過見大家好似唔係好清楚Field hockey呢一樣運動係點就開始嗌交，覺得好似俾多少少資料你地先繼續討論會好啲

Field hockey呢樣運動除左喺禁區內射波之外 係禁止以擊打既方式整個高波出黎既

擊打既方式包括Slap/Hit。因為兩個技巧都可以構成相當快既球速，而hockey波本身就又重又硬，基本上direct hit打中人最輕微都骨裂，所以所有slap/hit只要一高過膝頭位置都會因為「dangerous play」而吹罰

亦因為有呢條球例，打field hockey除左龍門外，身體通常只會有硬手套以及喺膝頭以下有護pad。面對對方球員入禁區射波既時候，係真係要自行閃避既。

樓主嗰個情況，係free hit（相等於足球底線出界開龍門球）。無人會expect樓主會slap個高波出黎，我都相信樓主本身都無心既，最多球技遠遠有待加強咁解。

無心之失既運動傷害，其實就無需要賠錢既。不過打個以娛樂為主既6人賽，因為自己技術不足做成對方需要全身麻醉+縫50幾針⋯俾我應該會因為內疚都跟進返對方既醫藥費￼

下面俾個slap波既示範大家參考下，其實slap波真係唔容易打個高波出黎￼

https://youtu.be/1APNbPqz9L4",打波整親條女個鼻 俾人屈我賠湯藥費 (2)
"對賠醫藥費無特別偏向
唔賠都得, 賠都合理
但唔會打高波既規則下, 仲係for fun既場上, 無啦啦一開波就整個高波中正人地塊面
佢既態度係做運動出黎預左受傷, 佢完全無責任唔關事咁樣, 理都唔想理件事
條友觀感上的確幾仆街",打波整親條女個鼻 俾人屈我賠湯藥費 (2)
"呢啲嘢去到尾都係唔洗賠㗎啦
不過樓主唔好on99
再係啲for fun嘅比賽玩認真囉
大家係咁易玩吓 你slap high做乜鳩啫",打波整親條女個鼻 俾人屈我賠湯藥費 (2)
"佢有whatsapp當事人道歉既，但係一講到賠償就開始唔覆
睇ig post好似有托人同當事人解釋返呢個係意外叫佢自己claim返保險
其實佢肯自己面對返自己同當事人傾就唔會咁啦，唔知點解要玩失蹤",打波整親條女個鼻 俾人屈我賠湯藥費 (2)
知道傷者去左私家，條數起碼5位數嚇到縮,打波整親條女個鼻 俾人屈我賠湯藥費 (2)
"之前個frd又係類似噉
踢啲濕鳩教會賽俾人鏟到斷腳筋
大佬當自己球王咩 依啲場都係玩下㗎啦
事後完全消失 道歉都冇句 果籃都冇個",打波整親條女個鼻 俾人屈我賠湯藥費 (2)
唔係蓄意，比賽意外受傷唔應該要賠。如果單單都要賠仲有人敢去玩運動？,打波整親條女個鼻 俾人屈我賠湯藥費 (2)
賠你老母呀,打波整親條女個鼻 俾人屈我賠湯藥費 (2)
"前文樓主搞到個女仔
面部毁容...
要逢五十幾針
鼻樑骨折
有無去醫院探過人地先...
現埸sorry 一句再加whatsapps 一句問候？
唔理你有無誠意賠償先...
你基本歉意都唔足夠lo...
人地搵你傾
你就話唔覆人地住...
人地先透過第3者搵你傾
你就話人地炸鳩你
身為男人你比返小小責任去面對啦
你依家仲要拎上黎講...
極度有理由相信樓主系成日生活系父母既保護罩既""孩子""",打波整親條女個鼻 俾人屈我賠湯藥費 (2)
就算法理上唔洗賠都唔好深潛啦⋯負返責任同事主傾有幾難,打波整親條女個鼻 俾人屈我賠湯藥費 (2)
Claim 主辦，李家超.jpg,打波整親條女個鼻 俾人屈我賠湯藥費 (2)
"做運動受傷都要賠錢又真係小癲
正如石地聯一年都唔知幾多人斷腳啦
係無人好似條女咁影哂相打張文追討姐

參加呢啲活動前主辦方應該都會有野簽
話自己要有保險以防一切意外？
另外條女背後點睇都自己有買保險
如果假設自己有買保險又再要人賠又唔合理",打波整親條女個鼻 俾人屈我賠湯藥費 (2)
"咁要道幾多次歉？或者點講先有誠意？
打波有意外大家都唔想
講到尾係想要錢啫，講咩誠意唔夠。

調返轉頭如果樓主好撚有錢，即時擺低一千幾萬百，再屌埋佢屎波都，我諗條女收完錢唔會搵咩fd嘈鳩人",打波整親條女個鼻 俾人屈我賠湯藥費 (2)
唔只，我諗廿個左右,打波整親條女個鼻 俾人屈我賠湯藥費 (2)
做運動都要賠,打波整親條女個鼻 俾人屈我賠湯藥費 (2)
"條仔04年

即係啱啱讀完中學升year 1
錢就肯撚定無要問父母拎

唔識處理一啲都唔奇怪

講嚟講去就係錢問題，用啲甚麼誠意去講真心虛偽",打波整親條女個鼻 俾人屈我賠湯藥費 (2)
"所有球類運動都有機會撻Q
拉埋技術黎講真係膠
技術好只係減低出錯機會，唔代表一定唔會發生

美斯C朗夠技術好未，踢波係咪唔會飛機
網球big 3都有機打中球僮

唔好講咩技術唔好就唔好落場d膠野",打波整親條女個鼻 俾人屈我賠湯藥費 (2)
"唔賠你咪搵律師告 擺上網有乜用
仲要自己都有機會身敗名裂
同埋唔理是非 假設大家都知呢條女咩樣的話
唔好講打波 係街見到都保持行車距離
驚撚左你啦
一陣有乜事又話撞親你擺上網屈你賠錢",打波整親條女個鼻 俾人屈我賠湯藥費 (2)
"你常規比賽球隊要買保險 聯賽有保險 個人都會買保險
有乜事總有人跟進負責
你兒戲友誼波咪無人跟
結果就係要靠恐嚇
廢人做運動就係咁
你咁多要求應該去報班入隊跟正規訓練
美斯都唔會無啦啦係街場出現
傷左邊個負責",打波整親條女個鼻 俾人屈我賠湯藥費 (2)
"呢度仲好笑，你明白係意外

然後相信賠償係解決辦法？

講到尾就係 個人覺得道歉係唔夠，你要用錢去彌補我先覺得夠

係公立無即刻推入手術室，仲去得私家，
都唔會係無買保險啦？你Claim完醫藥費，然後心靈上覺得受傷害，要對方用錢去彌補你。",打波整親條女個鼻 俾人屈我賠湯藥費 (2)
打手狗公全面進場 襯岩岩開post想帶風向,打波整親條女個鼻 俾人屈我賠湯藥費 (2)
"仲以為Karen點解會講人話
細心睇先發現",打波整親條女個鼻 俾人屈我賠湯藥費 (2)
"首先 做運動比人整到 而要人賠錢 呢件事岩與錯 已經係好大爭議 要討論先
但條女一下已經開post公審人 用群眾壓力想社會性謀殺 已經一定係個大仆街先",打波整親條女個鼻 俾人屈我賠湯藥費 (2)
賠你老母咩賠,打波整親條女個鼻 俾人屈我賠湯藥費 (2)
"托人講無疑係逃避
都明白因為一講錢 大家有前切 就會變泥漿摔角￼

不過球場受傷 就算係犯規 點解會覺得claim對方
唔好講英超 nba蓄意犯規
細個學校打波整爛眼鏡 都唔會叫人賠啦",打波整親條女個鼻 俾人屈我賠湯藥費 (2)
"托人講無疑係逃避
都明白因為一講錢 大家有前切 就會變泥漿摔角￼

不過球場受傷 就算係犯規 點解會覺得claim對方
唔好講英超 nba蓄意犯規
細個學校打波整爛眼鏡 都唔會叫人賠啦",玩緊隻Game好戇鳩
"新手老手全部同一個服
新手同老手競爭同一舊資源
咁新手點夠老手爭
黑人問號
正常唔係定期開新服
區分開新手老手

完全無新手加成/落後加成系統
人哋啲game賺錢賺經驗有加成系統
呢隻係冇
啲老手只會同你講你唔努力
個個都係咁玩
啲老手戇鳩乎？？
啲怪勁咗咁多
競爭大咗咁多
用返一樣時間攞廿年前資源點打新怪？？

物價唔同
啲核心裝以前好平
正正常常無課都拎到
而家唔重課都拎唔到
拎唔到根本唔使玩
官方有免費送
但輪候三十年
除非用情緣去排
咁平均六年先拎到


但問題嚟啦
核心裝係必需品
點解無啦啦情緣去排有優先排
歧視單身？
單身唔使玩？

以前啲老手着數晒
可以平嗰陣入貨
甚至囤積居奇
新手點算？
其實好多game都唔俾人囤積居奇

仲有。。勁多人假情緣去排
官方又唔理

發言系統好戇鳩
講啲政治嘢唔得
粗口唔得
近音唔得
講話遊戲好悶，唔好玩,想轉game唔得
屌
講句嘢都變晒***
甚至bam acc

邊個仲敢講嘢？


官方更新埋啲無謂嘢
屌
最重要個遊戲內容本身
無啦啦用所有資源整大個伺服
或者整啲遊戲跳糟渠道
或者整多啲政治審查
做乜鳩
個遊戲唔更新
浪費資源做埋啲無聊嘢
十幾廿年無更新啦

同公司遊戲跳糟變天龍人

個遊戲做得咁差
玩家自然流失轉game
為咗應付玩家流失
喺同公司整個轉game優惠
落地送核心裝或時限免費核心裝

我屌你老母
我玩咗隻game咁耐
排30年先有嘅核心裝
無啦啦天龍人直接送

官方/gm有特權
官方/gm 隨意bam人
玩遊戲輸咗或唔係滿意結果
就話玩家唔理
啲玩家真係無say
不論重課定無課
得罪gm俾人bam acc就無謂



唉
隻game原本好好玩
原先唔係呢間公司
係英資公司開發
好有創意
好有心
九七年轉咗中資營運
變晒質

真係逼人轉Game,
甚至Quit game啫,
官方真係若蓮喪子，
唔使由普通玩家開始，
一日到黑屌玩家問題,
但有冇諗過咁多玩家都有問題？
定根本係享受特權咋
gm應該係管理個遊戲,
唔係管理啲玩家，
一日到黑整係識bam人


好多人對隻Game都放咗好多心血
好多組隊打怪嘅回憶
或者公會傾下偈開心回憶

而家根本玩緊隻game嘅，轉game嘅，quit game嘅都係被逼
都係受害者

因為玩家根本反抗唔到，完全無權，無say

隻game曾經係三a大作
到變咗明日黃花
真係令人唏噓
隻Game個營運真係好戇鳩！！！！！",玩緊隻Game好戇鳩
即係咩game?,玩緊隻Game好戇鳩
如果真係game就好，可以一早唔撚玩,玩緊隻Game好戇鳩
,玩緊隻Game好戇鳩
o 知道了睇少咗一段,玩緊隻Game好戇鳩
"tldr
一大堆比喻 好有深度咁
不過全部都係廢話",玩緊隻Game好戇鳩
有得quit Game咩,玩緊隻Game好戇鳩
樓主識分比例同機率未,玩緊隻Game好戇鳩
"轉game咪得 大把game搶緊玩家
玩夠幾年就可以做永遠玩家",玩緊隻Game好戇鳩
樓主保重,玩緊隻Game好戇鳩
呢隻game 唔比我正評你,玩緊隻Game好戇鳩
依家全部手機game都唔比講某國既政治野,玩緊隻Game好戇鳩
,玩緊隻Game好戇鳩
"你重唔快啲quit

玩過第2隻game 呀嘛",玩緊隻Game好戇鳩
呢類野到底可以回帶幾多次,玩緊隻Game好戇鳩
"佢有keep住開新服架
你入錯ser删左個角色試下再登入啦",玩緊隻Game好戇鳩
隻驚玩到爛咗喇，早棄早著,玩緊隻Game好戇鳩
"覺得似咩咪直接講囉 睇哂成篇野都仲係玩緊暗喻
十足""伯賴""個on9仔咁",玩緊隻Game好戇鳩
呻完記得星期一準時返工,玩緊隻Game好戇鳩
香城武俠傳DLC,玩緊隻Game好戇鳩
"樓主比負評又唔理人
好唔開心",玩緊隻Game好戇鳩
"出篇文啫
要有咩意義",玩緊隻Game好戇鳩
"出篇文啫
要有咩意義",Null
"出篇文啫
要有咩意義",男子管有士巴拿及行山杖罪名不成立 高院指原審裁決「有悖常情」 發還裁判官考慮是否罪名成立
"https://t.me/youarenotalonehk_live/23937

#高等法院第廿二庭
#張慧玲法官
#宣讀判詞 #0902葵涌

李(22)
控罪：在公眾地方管有攻擊性武器
被控於2019年9月2日，在葵芳興寧路外的公眾地方，無合法權限或合理辯解之下，在公眾地方管有攻擊性武器。即一行山杖和士巴拿
--------------------------
被告審訊後於2020年8月14日被 #林子勤裁判官 裁定罪名不成立，律政司不服判決以案件呈述方式提出上訴。

速報：
原裁判官裁決有犯錯，因此他作出的裁斷是「有悖常情」，案件發還裁判官重新考慮高等法院所述法律理據答辯人就控罪是否罪名成立

裁決書詳情：
https://legalref.judiciary.hk/lrs/common/ju/ju_frame.jsp?DIS=153644&currpage=T

批淮申請保釋
除更改報到警署，其他以原有條件繼續保釋。

感謝臨時直播員",男子管有士巴拿及行山杖罪名不成立 高院指原審裁決「有悖常情」 發還裁判官考慮是否罪名成立
"22歲酒店散工四年前在葵涌涉被警察搜出士巴拿及行山杖，被控一項在公眾地方管有攻擊性武器罪，經審訊後罪脫。律政司不服罪脫裁決，以案件呈述方式提出上訴，張慧玲法官今頒布書面判詞指，原審裁判官林子勤法律上犯錯，只予比重於被告「自衛」的開脫說法，所作的裁斷「有悖常情」，下令將案件發還給林官，根據現時經澄清後的法律觀點，重新考慮被告是否罪名成立。

被告被控在2019年9月2日，在葵涌興寧路管有一支士巴拿及一支行山杖。律政司認為原審裁判官林子勤沒有全面考慮被告在錄影會面中的陳述及客觀事實，被告當時「守護連儂牆」，預期會有口角甚至動武，包括被「白衣人」打，故需武裝自己，管有涉案物品明顯不是自衛用途，即使被人聲稱管有物品是用作自衛，法庭亦可推論他管有士巴拿和行山杖用途必定是擬供他或「手足」用來傷人；被告方則指被告若遇到「刀手」或「揸棍」的人，會拿涉案物品「擋住」，「避免用武」，希望自己在安全的情況下離開，故沒有傷人意圖。

張慧玲法官經考慮後認為被告以涉案物品「自衛」時，有機會令施襲者受到傷害，而且行山杖頂多可擋棍但難以擋刀，士巴拿亦根本不能抵禦刀棍等武器，故認為被告當時管有士巴拿不是用作「自衛」之用。張官指林官沒有充分考慮到被告背包內其他如護目鏡等常用示威物品，2019年社會騷動及暴力衝突的背景，被告在錄影會面中的解釋及入罪陳述等，只予比重於被告「自衛」的開脫說法，構成「有悖常情」的裁斷，屬於法‍律上犯錯，將案件發還給林官，根據張官所澄清的法律觀點，重新考慮被告是否罪名成立。",男子管有士巴拿及行山杖罪名不成立 高院指原審裁決「有悖常情」 發還裁判官考慮是否罪名成立
下級法院法官係咪唔可以批評上級有悖常情?,男子管有士巴拿及行山杖罪名不成立 高院指原審裁決「有悖常情」 發還裁判官考慮是否罪名成立
"「張慧玲法官經考慮後認為被告以涉案物品「自衛」時，有機會令施襲者受到傷害，而且行山杖頂多可擋棍但難以擋刀，士巴拿亦根本不能抵禦刀棍等武器，故認為被告當時管有士巴拿不是用作「自衛」之用。」

從呢段可以睇到香港法官對於自衛的睇法係點
香港法官眼中的自衛係唔包括攻擊型的自衛
即係你比人斬 ／你見到人比人斬
你只可以擋 唔可以攻擊施襲者

補充一點
將軍澳連儂隧道斬人案，是指2019年8月20日凌晨在香港新界將軍澳發生的襲擊事件。
案發前兩個星期先發生完斬人案
被告擔心再有刀手斬人根本係合情合理
原審法官都應該有考慮到呢一點",男子管有士巴拿及行山杖罪名不成立 高院指原審裁決「有悖常情」 發還裁判官考慮是否罪名成立
律政屍真好做,男子管有士巴拿及行山杖罪名不成立 高院指原審裁決「有悖常情」 發還裁判官考慮是否罪名成立
依家仲喺司法機構做嘢嘅先至係「有悖常情」,男子管有士巴拿及行山杖罪名不成立 高院指原審裁決「有悖常情」 發還裁判官考慮是否罪名成立
"有機會令自己受到傷害=犯法
不能抵禦對方保護自己=犯法
中国香港法治=
開心 中国香港",男子管有士巴拿及行山杖罪名不成立 高院指原審裁決「有悖常情」 發還裁判官考慮是否罪名成立
即係總之就犯法,男子管有士巴拿及行山杖罪名不成立 高院指原審裁決「有悖常情」 發還裁判官考慮是否罪名成立
,男子管有士巴拿及行山杖罪名不成立 高院指原審裁決「有悖常情」 發還裁判官考慮是否罪名成立
狗口,男子管有士巴拿及行山杖罪名不成立 高院指原審裁決「有悖常情」 發還裁判官考慮是否罪名成立
高x 晴收毒品咩事都冇,男子管有士巴拿及行山杖罪名不成立 高院指原審裁決「有悖常情」 發還裁判官考慮是否罪名成立
高x 晴收毒品咩事都冇,支那抖音飛機片 合理化 人仔貶值
"https://www.facebook.com/100047738320306/videos/276634144722388/?startTimeMs=94000&mibextid=MnnKW6

錯啲嘢多撚到 我都唔識由邊度開始講

唔怪得成班韮菜日日輸身家都咁開心",支那抖音飛機片 合理化 人仔貶值
除左賣增值產品個 pary 外，差唔多全部都係偷換概念,支那抖音飛機片 合理化 人仔貶值
"之前工廠限電、啲人失業又係吹到中共下大棋，要谷美國通漲升，迫美金爆煲，中國贏

跟住又為低階工業停工讚好，話係淘汰低階，轉型升級，中國贏

可惜立黨嘅知乎acc已經收皮，佢之前cap低咗好多",支那抖音飛機片 合理化 人仔貶值
"賣野比美國係蝕
因為人地美金無限印 印以自己蝕左D貨
CLS",支那抖音飛機片 合理化 人仔貶值
有牆係世界之福,支那抖音飛機片 合理化 人仔貶值
"4月大吹「去美元化」
結果吹到人仔貶值、國際儲備比例下跌",支那抖音飛機片 合理化 人仔貶值
"人民幣貶值=中国贏
人民幣升值=中国贏

中国又贏",支那抖音飛機片 合理化 人仔貶值
又贏,支那抖音飛機片 合理化 人仔貶值
"發現人係好鐘意假設一D要等先得出既結論
係咪因為等個時可以令自己冇咁焦慮",支那抖音飛機片 合理化 人仔貶值
"明明雙贏係中国贏兩次


賣嘢換美金 咁係咪即係中國蝕住贏",支那抖音飛機片 合理化 人仔貶值
白事當紅事做 國粹黎,支那抖音飛機片 合理化 人仔貶值
"無論如何都係蚛蟈贏
厲害了我的蟈",支那抖音飛機片 合理化 人仔貶值
贏國,支那抖音飛機片 合理化 人仔貶值
"“阿Q精神”是使用精神勝利法進行自我安慰，或者即刻忘卻。出自《阿Q正傳》。經濟基礎決定着上層建築，物質決定着精神。阿Q面臨著一切生存的困境：無田地，無房屋，無女人等。他作過一些努力，包括投機革命，但每一次都以失敗而告終，阿Q依然是阿Q。物質上的絕望，必然要用精神來安慰。

第一，自尊自大。阿Q是個極卑微的人物，而未庄人全不在他眼裡，甚至趙太爺進了學，阿Q也不表示推崇，以為我的兒子將來比你闊得多。加之進了幾回城，更覺自負，甚至瞧不起城裡人。當別人嘲笑他頭上的癩頭瘡疤時，他以此為榮，還說：“你還不配……”

第二，自輕自賤。阿Q在未庄被閑人揪住辮子在牆上碰頭而且要他自認為“人打畜生”時，他就說：“打蟲豸，好不好？我是蟲豸——還不放么？”而且他還自以為他是第一個能夠“自輕自賤”的人，除了“自輕自賤”，“餘下的就是‘第一個’，狀元不也是‘第一個’么”，他在精神上勝利了。

第三，自欺欺人。阿Q在與人打架吃虧時，心裡想：“我總算被兒子打了，現在世界真不像樣……”於是他也心滿意足儼如得勝地回去了。他賭博贏得的洋錢被搶，無法解脫“忽忽不樂”時，就自己打自己的嘴巴，好像被打的是“另一個”，他在精神上又一次轉敗為勝。

第四，欺軟怕硬。阿Q最喜歡與人吵嘴打架，但必須估量對手。口訥的他便罵，氣力小的他便打。與王胡打架輸了，便說“君子動口不動手”；假洋鬼子哭喪棒才舉起來，他已伸出頭顱以待。對抵抗力稍薄弱的小D，則揎拳擄臂擺出挑戰的態度；對毫無抵抗力的小尼姑則動手動腳，大肆其輕薄。

Source from Baidu
https://baike.baidu.com/item/%E9%98%BFQ%E7%B2%BE%E7%A5%9E/90814",支那抖音飛機片 合理化 人仔貶值
"教得好好呀，有問題？香港啲老師要多多學習呀






小學生都做到領導人，國家學人講經濟？差不多啦",支那抖音飛機片 合理化 人仔貶值
"佢咁既結論
賣野出去就一定蝕嫁wo....
講到佢地唔會買返美國野咁樣",支那抖音飛機片 合理化 人仔貶值
係呀,支那抖音飛機片 合理化 人仔貶值
"總之升又贏
跌又贏 雙贏",支那抖音飛機片 合理化 人仔貶值
唔升跌就係 黨令到市場穩定,支那抖音飛機片 合理化 人仔貶值
去！美元化！,支那抖音飛機片 合理化 人仔貶值
"支那人一向口硬賓州軟

個video 完美示範",支那抖音飛機片 合理化 人仔貶值
"將貨幣簡化做股票市場就可以避免呢d似是而非既論述
1股AAPL同5股BABA 你會選擇hold邊隻",支那抖音飛機片 合理化 人仔貶值
仲要係對班小粉紅先敢咁大聲,支那抖音飛機片 合理化 人仔貶值
睇到好撚尷尬...,支那抖音飛機片 合理化 人仔貶值
睇到好撚尷尬...,Null
睇到好撚尷尬...,[七月特番] Fate/strange Fake
"https://youtu.be/EpLKseoUV6Q
https://youtu.be/dQOtt9tW0F4

STAFF
原作：成田良悟・TYPE-MOON 『Fate/strange Fake』（電撃文庫刊）
角色原案：森井しづき
監督：榎戸駿・坂詰嵩仁
劇本：大東大介
角色設計・總作畫監督：山田有慶
美術監督：竹田悠介・大貫賢太郎
色彩設計：茂木孝浩・武田仁基・岡崎菜々子
CG監督・佐納達也
攝影監督：宮脇洋平
編輯：近藤勇二（REAL-T）
音響監督：土屋雅紀
音響效果：小山恭正
音樂：澤野弘之
製作：A-1 Pictures

CAST
アヤカ・サジョウ：花澤香菜
セイバー：小野友樹
ティーネ・チェルク：諸星すみれ
アーチャー：関智一
ランサー：小林ゆう
繰丘椿：古賀葵
オーランド・リーヴ：羽多野渉
キャスター：森久保祥太郎
フラット・エスカルドス：松岡禎丞
バーサーカー：堀内賢雄
ジェスター・カルトゥーレ：橘龍丸
アサシン：Lynn
フランチェスカ・プレラーティ：内田真礼
ファルデウス・ディオランド：榎木淳弥
ランガル：咲野俊介
ロード・エルメロイII世：浪川大輔

官網
https://fate-strange-fake.com/",[七月特番] Fate/strange Fake
幾多集？,[七月特番] Fate/strange Fake
劇場版來?,[七月特番] Fate/strange Fake
OVA好似係,[七月特番] Fate/strange Fake
留名先 係今晚開播嗎？,[七月特番] Fate/strange Fake
"今晚播完特番會講TV正常番化
https://twitter.com/Fate_SF_Anime/status/1675346055100022784",[七月特番] Fate/strange Fake
TVA個斷位好難搞,[七月特番] Fate/strange Fake
"好正
有金閃閃",[七月特番] Fate/strange Fake
"竟然strange fake都tva埋
多謝班課長",[七月特番] Fate/strange Fake
"是
依個post都認到幾個",[七月特番] Fate/strange Fake
留名,[七月特番] Fate/strange Fake
Flat,[七月特番] Fate/strange Fake
一feel到對方係度即刻埋位隻抽,[七月特番] Fate/strange Fake
"之後會有tv動畫
而家出住一集先",[七月特番] Fate/strange Fake
佢係咪最柒主角saber,[七月特番] Fate/strange Fake
霸權,[七月特番] Fate/strange Fake
動畫化仲快過蒼銀,[七月特番] Fate/strange Fake
蒼銀動畫化之時=愛歌落地之時,[七月特番] Fate/strange Fake
"香港係唔係無正常既平台可以而家睇
7:30上左巴哈了",[七月特番] Fate/strange Fake
https://youtu.be/yE9CkWGZ32c,[七月特番] Fate/strange Fake
https://youtu.be/yE9CkWGZ32c,有冇人其實對ASMR都冇反應
"啲人吹到ASMR會聽到有顱內高潮

但係我聽完就咁嘅樣：



係咪得我一個係咁？",有冇人其實對ASMR都冇反應
聽完好唔c服,有冇人其實對ASMR都冇反應
"真係未試過咩顱內高潮

淨係試過膣內高潮",有冇人其實對ASMR都冇反應
吓 好有反應喎,有冇人其實對ASMR都冇反應
吓 好有反應喎,覺唔覺六合彩中咗頭獎得800萬好唔抵
"頭獎中獎機率為1/13,983,816
成世人俾盡你都係中得一次
唔好彩上期有人中 就得800萬
人哋頭獎幾期無人中 就幾千萬
差幾倍
你就買一個單位自住
人哋就自住再放租幾個單位

以後見到頭獎得800萬真係忍手唔買算
一個唔覺意中咗就激鬼氣
用曬成世運",覺唔覺六合彩中咗頭獎得800萬好唔抵
Gif？,覺唔覺六合彩中咗頭獎得800萬好唔抵
你唔要就比我 多謝,覺唔覺六合彩中咗頭獎得800萬好唔抵
咁你要唔要？,覺唔覺六合彩中咗頭獎得800萬好唔抵
GIF?,覺唔覺六合彩中咗頭獎得800萬好唔抵
中到先算啦,覺唔覺六合彩中咗頭獎得800萬好唔抵
800萬買到幾多gif,覺唔覺六合彩中咗頭獎得800萬好唔抵
好過冇啦,覺唔覺六合彩中咗頭獎得800萬好唔抵
"咁都未算
最慘係8M+幾注中最後可能得兩球到手",覺唔覺六合彩中咗頭獎得800萬好唔抵
有人中好多次頭獎,覺唔覺六合彩中咗頭獎得800萬好唔抵
"開123456
應該有幾百注中",覺唔覺六合彩中咗頭獎得800萬好唔抵
無gif0/10,覺唔覺六合彩中咗頭獎得800萬好唔抵
好耐之前試過800萬幾注中，每人一百萬鬆啲,覺唔覺六合彩中咗頭獎得800萬好唔抵
GIF?,覺唔覺六合彩中咗頭獎得800萬好唔抵
咁一世人中幾次果d係咪再有bonus,覺唔覺六合彩中咗頭獎得800萬好唔抵
"點解俾盡一世只中一次
我期期都中唔得嘅",覺唔覺六合彩中咗頭獎得800萬好唔抵
等到金多寶再買囉,覺唔覺六合彩中咗頭獎得800萬好唔抵
照要,覺唔覺六合彩中咗頭獎得800萬好唔抵
點解唔可以係再買再中？,覺唔覺六合彩中咗頭獎得800萬好唔抵
所以馬會點刀贏你,覺唔覺六合彩中咗頭獎得800萬好唔抵
"我都夠嫁啦
照殺",覺唔覺六合彩中咗頭獎得800萬好唔抵
"我都夠嫁啦
照殺",Null
"我都夠嫁啦
照殺",嚴選五十大有親屬/親戚關係嘅娛樂圈藝人
"1）許冠文 許冠武 許冠英 許冠傑

關係：兄弟

許氏兄弟，文武英傑，除了許冠武主要從事幕後工作（曾擔任《摩登保鏢》執行導演）鮮為人知外，其他三人都是廣受歡迎的明星。許冠文是周星馳出現之前香港最具影響力的喜劇演員，許冠傑是迄今為止擁有年度票房冠軍影片數量最多的香港影星，許冠英則是當年個性十足的香港諧星，精彩演出亦多不勝數。",嚴選五十大有親屬/親戚關係嘅娛樂圈藝人
英英好耐無見,嚴選五十大有親屬/親戚關係嘅娛樂圈藝人
好耐冇見啦英英,嚴選五十大有親屬/親戚關係嘅娛樂圈藝人
韓紅,嚴選五十大有親屬/親戚關係嘅娛樂圈藝人
韓森、韓紅,嚴選五十大有親屬/親戚關係嘅娛樂圈藝人
差啲要扔西瓜搵樓豬,嚴選五十大有親屬/親戚關係嘅娛樂圈藝人
好耐無見,嚴選五十大有親屬/親戚關係嘅娛樂圈藝人
"英英思考路線：
黃心穎>許志安>紅姨",嚴選五十大有親屬/親戚關係嘅娛樂圈藝人
韓紅,嚴選五十大有親屬/親戚關係嘅娛樂圈藝人
"杜德智 杜德偉
easy",嚴選五十大有親屬/親戚關係嘅娛樂圈藝人
"搞乜鬼成個月冇嚴選
曠工係咪",嚴選五十大有親屬/親戚關係嘅娛樂圈藝人
襟兄弟算唔算兄弟,嚴選五十大有親屬/親戚關係嘅娛樂圈藝人
"2）秦沛 姜大衛 爾冬陞

關係：同母異父兄弟

秦沛和姜大衛是同父同母的兄弟，他們與爾冬陞則是同母異父的兄弟，三人都是香港影壇舉足輕重的人物。大哥秦沛的名氣雖然沒有兩個弟弟那麼大，但他卻是最早被美國好萊塢邀請拍戲的亞洲演員；而姜大衛則是香港第一個亞太影帝，最後改行做導演；爾冬陞雖然年齡最小，但才華橫溢，曾經做過演員、導演、製片、編劇，曾兩度獲得香港電影金像獎最佳導演及最佳編劇。",嚴選五十大有親屬/親戚關係嘅娛樂圈藝人
"牙英

期待你出多d 新post",嚴選五十大有親屬/親戚關係嘅娛樂圈藝人
"唔駛
許志安 + 啱啱參加中年好聲音嘅阿哥 > 韓紅",嚴選五十大有親屬/親戚關係嘅娛樂圈藝人
"3）錢嘉樂 錢小豪

關係：兄弟

錢小豪和錢嘉樂兩兄弟自小感情相當好，長大後兩兄弟更一同入行做龍虎武師。嘉樂和哥哥小豪係「屋邨仔」，兩兄弟相差2歲，幾兄弟姊妹中感情最好。二人早年就讀同一學校，小豪鍾意爬山、養龜、賽車及拍戲，做細佬嘅嘉樂就跟住去做。錢嘉樂又感慨︰「阿哥好啲，一入行都叫做主角。佢帶我入行，我做親都係跳樓、畀火燒嗰啲，就算觀眾睇到都唔知係我！」",嚴選五十大有親屬/親戚關係嘅娛樂圈藝人
五十大咁耐冇見一嚟就開大技,嚴選五十大有親屬/親戚關係嘅娛樂圈藝人
韓紅ready,嚴選五十大有親屬/親戚關係嘅娛樂圈藝人
lm,嚴選五十大有親屬/親戚關係嘅娛樂圈藝人
"4）林珊珊 林海峰 林曉峰

關係：姊弟

林曉峰可說是來自演藝世家，家姐林珊珊是著名經理人，哥哥林海峰是著名DJ，而他的發展卻一直平平。他在節目中提到一直不希望依靠家人，因此初次電影試鏡也沒有特別跟人提及自己的家庭背景，他亦堅持不靠家人的關係在娛樂圈打滾。",嚴選五十大有親屬/親戚關係嘅娛樂圈藝人
早咗入黎，不過呢兩個都揀得幾好,嚴選五十大有親屬/親戚關係嘅娛樂圈藝人
杜德智、杜德偉—>許志安—>韓紅,嚴選五十大有親屬/親戚關係嘅娛樂圈藝人
最後一張,嚴選五十大有親屬/親戚關係嘅娛樂圈藝人
最後一張,Null
最後一張,Null
"假設呢個世界上真係有神/創世主嘅存在
理應有人見到神所創下嘅神蹟 覺得好撚勁 令到有人建立宗教
但係同一個宗教 唔同人 唔同時代 對同一件議題嘅立場都好唔同 但係全部都會話係根據神嘅旨意而行 例如LGBTQ權益咁
而我地對「神」嘅認知又會基於文化、宗教嘅差別而有所不同

所以究竟係有神先有我地所認知嘅宗教 定係有宗教嘅建立先有我地所認知嘅神？

有無讀哲學 神學嘅ching可以解答下

利申：非耶撚，純粹睇完漫畫有感而發",Null
"應該係有神先有宗教
天主教基督教都係指同一個神
只係宗教自己有唔同既規範?教導?等",Null
有神棍先有宗教,Null
俾你答咗先添,Null
"你「假設呢個世界上真係有神/創世主嘅存在」
又將「神」等同「創世主」
而有「創世主」先有「世」
有「世」先有「我地」
有「我地」先有「我地所認知嘅宗教」

所以根據你嘅假設係「有神先有我地所認知嘅宗教」

但我唔排除「有宗教嘅建立先有我地所認知嘅神」
兩句嘢無衝突
我都唔知「神/創世主」同「我地所認知嘅神」係咪一樣",Null
古代乜撚都唔識咪作個神出黎,Null
"認真答你
神係人類幻想出嚟
宗教係人類創造出嚟
你首先假設神真係存在
再問番現實點解有唔同宗教&教義
咁你嘅假設同現實咪有矛盾
神係用嚟團結教徒
係一個白色嘅謊言
不過宗教係幫助咗好多人",Null
"宗教定義係咩 要有神先叫宗教
定係堅定相信一個理念可以叫宗教
前者咁要有神先 後者咁有宗教先",Null
"Ching你講嘅嘢我都好同意
我就係點諗都覺得宗教所講嘅嘢同現實有好大衝突 同埋宗教一直以來都被當權者用作洗腦工具
先抗拒宗教嘅存在
不過撇除宗教因素 我認為依家無任何方法可以證實或者推翻一個神/創世主嘅存在
所以「神」存唔存在 唔係一個科學可以探討嘅問題 只係個人preference/belief 問題",Null
"我假定左神同創世主係同一個人 係因為普遍對神嘅認知都係 「掌管/創造」某樣「概念/自然現象」嘅個體
當然可以有好多個神 但係我認為唔會影響呢個post嘅討論

神/創世主 同我地認知嘅神 我認為係必然唔一樣
因為人類無辦法直接觀察到「神/創世主」嘅存在 只可以憑藉「神」留低嘅神蹟去想像神嘅存在

就結果而言 世界各地所想像嘅神都唔一樣 印證左宗教所定義嘅神絕對無可能係真正嘅「神」",Null
"好有趣既問題。當然係有神先有宗教。

原因一：宗教感係人類共通。
一個人搵神拜你講得通，一個人叫人拜神而大家又跟就唔係咁易既事，唔係全部神明都同死後會點有關，所以唔可以話驚死所以搵神信就有宗教。反而咩野都有人當神咁拜，連座山跌舊大石落黎都會比人裝香。所以如果唔係神造人果時將宗教感比左人（令到人可以恰當咁同佢溝通），係解釋唔到宗教點黎。

原因二：呢個世界有神蹟。
超自然既力量，唔係寫一套教義出黎就有。由宗教講出黎既神，停留係理念上面，當然你可以因為相信既教義調整你做事既決定，但係無論一套幾好既道理，你都未必有能力跟住做。相反，人唔認識神果時，神用佢既能力比人知道佢係度，歷世歷代去到今日都有神蹟，我地就可以知道神係度。尤其係當你認真研究歷史入面既耶穌，你就會睇到反對佢既人都記載佢既超自然能力。

原因三：個世界好靚。
神整個世界整得靚，我地就見到。靚既野唔係隨機，熱力學第二定律話你知，如果你由個世界自己運行，就只有越黎越亂，咁係會變一pat 野。

至於你所講LGBTQ權益等等問題，其實神冇明確講要點，神講左佢唔中意同性性行為（唔係講權益），又講左人要彼此相愛（咁就包括埋LGBTQ），雖然冇講死要點做，其實神緊張既唔係你同一件事既睇法，而係你點做人，同埋你當佢有冇到。",Null
"宗教係一種人類解釋世界嘅方式，人類共有嘅宗教感係唔存在。只不過人都只去嘗試解釋世界，所以全世界都有宗教。

神蹟唔存在。唔存在有更高智慧去行使神力。
你講嘅歷史係聖經，比三國演義都小說嘅小說。

你講第二定律仲好笑。事實上個世界就係越來越亂，地球嘅各種系統都不斷為entropy貢獻。

神冇講過任何嘢，因為人格神根本唔存在。

人格神不過係羅素的茶壺；
或者一隻飛天意粉怪獸。",Null
"關於宗教感，建議睇下人類學，有人就有宗教。

關於歷史，我唔係講緊聖經。猶太歷史學家寫既你當唔當係歷史？羅馬史官寫既你當唔當係歷史？

既然世界越黎越亂，仲有秩序，即係之前比而家更有秩序。邊個比秩序？邊個決定自然定律？

你聽唔聽，同有冇聲，其實係兩件事。",Null
"有人就有宗教證明唔到神嘅存在或者人係被神創造。宗教感只不過係人想搵一個解釋去解釋呢個世界，唔代表神就係解釋。

我淨係知受主流證可嘅歷史唔在可證實嘅神跡。

其一，建議了解下咩係熱學第二定律先；系統總體而言係增加混亂程度。其二，秩序同自然定律從來唔係被決定。

你將一堆聲音用你嘅方式去理解，唔代表堆聲音有咩客觀意義。",Null
"咁邊個神？
佛祖 算唔算？
佛祖 先為人而後為佛
道教所有天神都先為人或物
女禍始祖神只算傳說而未入教
西方諸神乜都有包括耶和華同回教真主",Null
"咁你對於神有既要求同限制，我睇落神就冇照你心水做晒，我諗唔會有你啱聽既野配合到你。

不過你未必有興趣既野，神就做左好多，我身上就有神蹟，邊個信耶穌邊個都會有。",Null
佛教無神論天神都要受輪迴之苦， 東方宗教唔同西方，東方宗教似修煉類，普通人都可以變神仙，西方神仙就一開始已經係超然存在，兩者完全兩回事，單一用有神論黎睇會唔全面,Null
"所以題目
有神定宗教先
本身就係有問題",Null
"有宗教，之後冇神。
或者就算有，都唔係宗教所講嘅神。",Null
宗教哲學有profound 既討論，完全唔係呢回事,Null
"樓主無定義個題目
傾呢啲冇定義一定係雞同鴨講",Null
聖經根本無可能可以被人操控，新舊約都寫到清清楚楚,Null
"1. 邏輯實證論一早爆左，唔係基督徒既哲學撚都唔會否認

2. 形上學既存在係無任何理論可以解釋，除左創造論",Null
淨係有無神，已經有排講，仲未計各類神話中嘅神，創造神，破壞神,Null
"外國有個教，信奉對象係一個現代人，仲未死

所以應該先有神",Null
"外國有個教，信奉對象係一個現代人，仲未死

所以應該先有神",紅隧7.23實施易通行 成首條易通行過海隧道 東隧西隧8月實施
不停車繳費服務系統「易通行」已實施逾兩個月，暫時只於三條連接沙田區的隧道使用。運輸署今日（5日）表示，將於7月23日清晨5時，在紅隧實施「易通行」，屆時所有人手收費亭及快易通車道將會取消，駕駛者可直接駛過收費廣場。紅隧將為第一條實施「易通行」的過海隧道，署方計劃在8月於西隧和東隧陸續實施「易通行」。,紅隧7.23實施易通行 成首條易通行過海隧道 東隧西隧8月實施
無左個buffer又可以撞多d,紅隧7.23實施易通行 成首條易通行過海隧道 東隧西隧8月實施
想睇有咩為反而反嘅留言,紅隧7.23實施易通行 成首條易通行過海隧道 東隧西隧8月實施
你樓上個傻閪囉塞車先安全呀你識撚咩,紅隧7.23實施易通行 成首條易通行過海隧道 東隧西隧8月實施
大家等咗紅隧實施易通行幾耐?,紅隧7.23實施易通行 成首條易通行過海隧道 東隧西隧8月實施
正式宣布大老山同香隧係隧道界毒撚,紅隧7.23實施易通行 成首條易通行過海隧道 東隧西隧8月實施
"日撞夜撞黎啦
分流都無埋5線變3線2線 巴士就有排等先過到 最右線就永遠唔讓",紅隧7.23實施易通行 成首條易通行過海隧道 東隧西隧8月實施
忍多陣 劃一收費之後就行東隧,紅隧7.23實施易通行 成首條易通行過海隧道 東隧西隧8月實施
toll plaza 唔塞到junction 位塞,紅隧7.23實施易通行 成首條易通行過海隧道 東隧西隧8月實施
"本身都多車到閪
有冇toll咪一樣塞到行唔到, 點撞?",紅隧7.23實施易通行 成首條易通行過海隧道 東隧西隧8月實施
睇條肥閪到時點安排啦,紅隧7.23實施易通行 成首條易通行過海隧道 東隧西隧8月實施
巴士路口出嚟改正綫，左綫變讓綫,紅隧7.23實施易通行 成首條易通行過海隧道 東隧西隧8月實施
扣咁多KPI都仲做緊,紅隧7.23實施易通行 成首條易通行過海隧道 東隧西隧8月實施
大老山果然才是真正的大老,紅隧7.23實施易通行 成首條易通行過海隧道 東隧西隧8月實施
唐氏綜合症都做到署長,紅隧7.23實施易通行 成首條易通行過海隧道 東隧西隧8月實施
應該會變左塞匯合位？,紅隧7.23實施易通行 成首條易通行過海隧道 東隧西隧8月實施
越慢越安全,紅隧7.23實施易通行 成首條易通行過海隧道 東隧西隧8月實施
未到收費亭已經塞，冇分別,紅隧7.23實施易通行 成首條易通行過海隧道 東隧西隧8月實施
大老山係毒中之霸八達通都唔收,紅隧7.23實施易通行 成首條易通行過海隧道 東隧西隧8月實施
本身塞車都唔係因為收費亭啦,紅隧7.23實施易通行 成首條易通行過海隧道 東隧西隧8月實施
咁大整估,紅隧7.23實施易通行 成首條易通行過海隧道 東隧西隧8月實施
"屌佢老母, 政府收返幾年都唔裝八達通, 又唔裝易通行",紅隧7.23實施易通行 成首條易通行過海隧道 東隧西隧8月實施
"過大老山好煩.... 所以我架車長期有張20蚊back up
同埋大老山好長 如果多車真係會揸到眼訓
相信又會有人屌我無錢比Autotoll咪學人揸車",紅隧7.23實施易通行 成首條易通行過海隧道 東隧西隧8月實施
"收20蚊已經算係唯一德政
唔駛收/用散銀",紅隧7.23實施易通行 成首條易通行過海隧道 東隧西隧8月實施
"收20蚊已經算係唯一德政
唔駛收/用散銀",『膠戰』肥腸成個邊緣人咁
"佢存在感咁低
其實冇左佢都冇乜問題
完全唔知佢定位係咩",『膠戰』肥腸成個邊緣人咁
湊夠腳,『膠戰』肥腸成個邊緣人咁
佢做初戀action都比人cut,『膠戰』肥腸成個邊緣人咁
"佢應該學阿正咁玩
瘋狂性騷擾啲靚女藝人嚟搞笑
佢個樣好適合做呢種角色",『膠戰』肥腸成個邊緣人咁
佢係一個唔好笑既肥仔努力咁搞笑,『膠戰』肥腸成個邊緣人咁
其實幾靚仔,『膠戰』肥腸成個邊緣人咁
"專登
都扮左三季",『膠戰』肥腸成個邊緣人咁
其實係呢個外向型團隊入面幾有特色肥毒擔當,『膠戰』肥腸成個邊緣人咁
實俾人鬧死,『膠戰』肥腸成個邊緣人咁
點解阿正得佢唔得,『膠戰』肥腸成個邊緣人咁
因為男女唔平等,『膠戰』肥腸成個邊緣人咁
"好簡單 因為呀正係女人
而家個社會就係咁唔平等",『膠戰』肥腸成個邊緣人咁
"真
呢啲冇得勉強",『膠戰』肥腸成個邊緣人咁
我覺得幾好,『膠戰』肥腸成個邊緣人咁
我覺得幾好,一人一句廢中廢老同事必備口頭禪
"「呀叔塞錢入你袋咋！」


「山人自有妙計！」",一人一句廢中廢老同事必備口頭禪
有聲,一人一句廢中廢老同事必備口頭禪
唔好怕蝕抵,一人一句廢中廢老同事必備口頭禪
好c伏,一人一句廢中廢老同事必備口頭禪
觀塘,一人一句廢中廢老同事必備口頭禪
我地以前點點點點,一人一句廢中廢老同事必備口頭禪
拿 話撚左你,一人一句廢中廢老同事必備口頭禪
我食鹽多過你食米呀,一人一句廢中廢老同事必備口頭禪
"你同我定啦
呀叔做嘢洗咩你教",一人一句廢中廢老同事必備口頭禪
你同我跪喺度,一人一句廢中廢老同事必備口頭禪
阿叔食鹽多過你食米,一人一句廢中廢老同事必備口頭禪
是,一人一句廢中廢老同事必備口頭禪
嗱，就咁,一人一句廢中廢老同事必備口頭禪
屌你係唔係路,一人一句廢中廢老同事必備口頭禪
阿叔我食鹽多過你食米,一人一句廢中廢老同事必備口頭禪
XXXXX，啱唔啱呀？,一人一句廢中廢老同事必備口頭禪
米色拉,一人一句廢中廢老同事必備口頭禪
"問佢呢樣野點做
「其實你就唔洗咁做嘅 我通常都唔會咁囉好蠢，我會咁咁咁咁咁」

跟住做錯哂先發覺原來個阿叔個做法係得佢咁做 全公司冇人跟",一人一句廢中廢老同事必備口頭禪
唔好攪咁多野啦,一人一句廢中廢老同事必備口頭禪
我嗰時咁咁咁,一人一句廢中廢老同事必備口頭禪
好C伏,一人一句廢中廢老同事必備口頭禪
是,一人一句廢中廢老同事必備口頭禪
嗱，咁啦….好冇？,一人一句廢中廢老同事必備口頭禪
嗱，咁啦….好冇？,Null
嗱，咁啦….好冇？,［劇透］Jer柳應廷Across The Universe Solo Concert集中討論區 （1）
"柳應廷首次個人演唱會

JER LAU""ACROSS THE UNIVERSE"" IN MY SIGHT SOLO CONCERT 2023

「繁星這刻為他發光，照亮他宇宙裏最寬廣的銀河」


https://www.instagram.com/p/CsaOzzuvHTz/?igshid=MzRlODBiNWFlZA==
日期：2023年7月7-10日
【MIRO場】7、10日
【公眾場】8、9日
時間：8:15pm
地點：香港會議展覽中心 HALL 5BC
票價：$1,080 / $880 / $580

座位表：



網上直播：

直播日期：7月10日星期一晚上 8:15
直播平台：https://makealive.com/
購票：https://bit.ly/46ty26n
開賣日期 （香港時間）：即日至當天開場前

演唱會周邊商品：
https://www.instagram.com/p/CuOZ0TevrYl/?igshid=MzRlODBiNWFlZA==

美食及應援打卡區：
地點：會展二期5樓(Hall 5E)
可使用港灣道/博覽道入口前往

開放時間：
7月07日（星期五）：12:00-22:00
7月08日 （星期六）：14:00-22:00
7月09日（星期日）：14:00-22:00
7月10日（星期一）：14:00-22:00

放/收飛請移玉步：
https://lih.kg/3392586",［劇透］Jer柳應廷Across The Universe Solo Concert集中討論區 （1）
Lm,［劇透］Jer柳應廷Across The Universe Solo Concert集中討論區 （1）
留個大名,［劇透］Jer柳應廷Across The Universe Solo Concert集中討論區 （1）
Y2K瘋兔留名,［劇透］Jer柳應廷Across The Universe Solo Concert集中討論區 （1）
"LM good show
仲有四日 期待",［劇透］Jer柳應廷Across The Universe Solo Concert集中討論區 （1）
LM!!!!好彩有頭場 唔駛避戲透！,［劇透］Jer柳應廷Across The Universe Solo Concert集中討論區 （1）
"LM
柳伯good show!!",［劇透］Jer柳應廷Across The Universe Solo Concert集中討論區 （1）
"妹豬LM
好想快D到7/7睇柳

祝演唱會順順利利！",［劇透］Jer柳應廷Across The Universe Solo Concert集中討論區 （1）
LM,［劇透］Jer柳應廷Across The Universe Solo Concert集中討論區 （1）
lm我唔會畀人劇透到,［劇透］Jer柳應廷Across The Universe Solo Concert集中討論區 （1）
"靚頭LM
7/7就到喇",［劇透］Jer柳應廷Across The Universe Solo Concert集中討論區 （1）
Push,［劇透］Jer柳應廷Across The Universe Solo Concert集中討論區 （1）
望住劇透等入場,［劇透］Jer柳應廷Across The Universe Solo Concert集中討論區 （1）
LM,［劇透］Jer柳應廷Across The Universe Solo Concert集中討論區 （1）
lm,［劇透］Jer柳應廷Across The Universe Solo Concert集中討論區 （1）
Lm￼￼,［劇透］Jer柳應廷Across The Universe Solo Concert集中討論區 （1）
星期五就係第一場,［劇透］Jer柳應廷Across The Universe Solo Concert集中討論區 （1）
"LM
等睇9號10號",［劇透］Jer柳應廷Across The Universe Solo Concert集中討論區 （1）
"LM
好期待靚豬柳",［劇透］Jer柳應廷Across The Universe Solo Concert集中討論區 （1）
放假都上連登,［劇透］Jer柳應廷Across The Universe Solo Concert集中討論區 （1）
"柳應廷 Fuck the Stage
要唱好啲唔好衰俾人睇呀",［劇透］Jer柳應廷Across The Universe Solo Concert集中討論區 （1）
頂拉咗 推翻,［劇透］Jer柳應廷Across The Universe Solo Concert集中討論區 （1）
頂拉咗 推翻,係咪一車車銀紙明天已經ready?
,係咪一車車銀紙明天已經ready?
集運嚟緊,係咪一車車銀紙明天已經ready?
"一車車銀紙支最大面值得100蚊 點過關


一巴車埋去你條撚樣就有",係咪一車車銀紙明天已經ready?
,係咪一車車銀紙明天已經ready?
,係咪一車車銀紙明天已經ready?
"明天睇樓量
大升百倍
全港AA有飯開",係咪一車車銀紙明天已經ready?
G持每人都車巴老貓,係咪一車車銀紙明天已經ready?
,係咪一車車銀紙明天已經ready?
,楊枝甘露將取代珍珠奶茶成日本最流行第1食物！！！！來自香港的經典甜品！！！！
"【#LikeJapan生活】日本預測2023年 楊枝甘露將成最流行第1食物：來自香港的經典甜品 日本望推廣到珍珠奶茶級別!?

日本消費者経済総研發布預測，估計楊枝甘露 (ヨンジーガムロ)將成為第1位的流行食品。這個來自香港的經典甜品，現在以飲品的方式在日本發售，成為當地話題。

楊枝甘露內含芒果果肉、柚子、西米等材料，這個很有「咬口」的特色，令日本人回想了珍珠奶茶，期待它可以到達珍珠奶茶的流行程度。這個產品先在2022年11月於超市大賣，現在即將於便利店出售。另一方面，有Cafe把它當作價值1309日圓的高級甜品...到底它在日本可以有多流行呢？

資料：https://newsdig.tbs.co.jp/articles/-/560741

© TBS
by #LikeJapan_Owen
＝＝＝＝＝＝＝＝＝＝
LikeJapan推出了全新優惠券APP，一鍵儲存旅行優惠券，輸入：https://app.likejapan.com/

LikeJapan推出了全新優惠券APP，一鍵儲存旅行優惠券，輸入：https://app.likejapan.com/

日本都有順豐！去日本旅行買完直接方便寄香港，再加$50專有特價！方法：
https://www.likejapan.com/trip-tutorial/ebackhome/

LikeJapan會員制「旅日會」已經正式推出！這是專為日本旅行愛好者而設的地方，大家將得到日本旅行的最新分析情報，之後還會有獎品換領優惠！
簡介網站：https://www.likejapan.com/membership/",楊枝甘露將取代珍珠奶茶成日本最流行第1食物！！！！來自香港的經典甜品！！！！
https://www.facebook.com/100064921440652/posts/pfbid0UhmfcCiXkdTLeG63cheMgfDSFpwCg2M1Mdp4Hz7o54td46E9g5mRzCERWvAY3c9Sl/?mibextid=cr9u03,楊枝甘露將取代珍珠奶茶成日本最流行第1食物！！！！來自香港的經典甜品！！！！
根本健康過糖粒廢水,楊枝甘露將取代珍珠奶茶成日本最流行第1食物！！！！來自香港的經典甜品！！！！
起碼營養素多啲先,楊枝甘露將取代珍珠奶茶成日本最流行第1食物！！！！來自香港的經典甜品！！！！
"想像下用日本芒果及柚子做出來
怎會不是高級甜品",楊枝甘露將取代珍珠奶茶成日本最流行第1食物！！！！來自香港的經典甜品！！！！
"老實講,楊枝甘露好飲過珍茶好多",楊枝甘露將取代珍珠奶茶成日本最流行第1食物！！！！來自香港的經典甜品！！！！
"真
珍珠奶茶食晒啲車胎落肚 好無益",楊枝甘露將取代珍珠奶茶成日本最流行第1食物！！！！來自香港的經典甜品！！！！
"當地自己貨唔係入口貨，應該唔是乜貴野
正如日日食和牛都唔係乜野錢",楊枝甘露將取代珍珠奶茶成日本最流行第1食物！！！！來自香港的經典甜品！！！！
一陣又一堆人沖出嚟話係佢發明,楊枝甘露將取代珍珠奶茶成日本最流行第1食物！！！！來自香港的經典甜品！！！！
日本好似得進口芒果,楊枝甘露將取代珍珠奶茶成日本最流行第1食物！！！！來自香港的經典甜品！！！！
記得之前七仔有得買差唔多$20細細支嗰支楊枝甘露，依家搵唔返了,楊枝甘露將取代珍珠奶茶成日本最流行第1食物！！！！來自香港的經典甜品！！！！
好快又比台仔打劫，邊左台灣發明，上次雞強仔已經試過一次，不過無所謂喇,楊枝甘露將取代珍珠奶茶成日本最流行第1食物！！！！來自香港的經典甜品！！！！
點會呀，宮崎都有芒果出口啦,楊枝甘露將取代珍珠奶茶成日本最流行第1食物！！！！來自香港的經典甜品！！！！
生果一定食日本的,楊枝甘露將取代珍珠奶茶成日本最流行第1食物！！！！來自香港的經典甜品！！！！
人地資本主義梗係爭，我地共產架嘛，爭黎做乜,楊枝甘露將取代珍珠奶茶成日本最流行第1食物！！！！來自香港的經典甜品！！！！
太陽之子,楊枝甘露將取代珍珠奶茶成日本最流行第1食物！！！！來自香港的經典甜品！！！！
"日本的確唔啱種芒果
就算有都唔夠呂宋芒好食",楊枝甘露將取代珍珠奶茶成日本最流行第1食物！！！！來自香港的經典甜品！！！！
問題係我飲過好多支裝，大部份都過甜，不過相比起珍珠奶茶冇咁滯,楊枝甘露將取代珍珠奶茶成日本最流行第1食物！！！！來自香港的經典甜品！！！！
廣東話譯音,楊枝甘露將取代珍珠奶茶成日本最流行第1食物！！！！來自香港的經典甜品！！！！
奶台狗：有咩問題，人地益緊你,楊枝甘露將取代珍珠奶茶成日本最流行第1食物！！！！來自香港的經典甜品！！！！
印像只有甜,楊枝甘露將取代珍珠奶茶成日本最流行第1食物！！！！來自香港的經典甜品！！！！
"除左宮崎
沖繩都有

不過貴過進口",楊枝甘露將取代珍珠奶茶成日本最流行第1食物！！！！來自香港的經典甜品！！！！
ヨンジーガムロ,楊枝甘露將取代珍珠奶茶成日本最流行第1食物！！！！來自香港的經典甜品！！！！
爭咩丫，溝埋做珍珠楊枝甘露啊笨,楊枝甘露將取代珍珠奶茶成日本最流行第1食物！！！！來自香港的經典甜品！！！！
爭咩丫，溝埋做珍珠楊枝甘露啊笨,［冷氣台］銅管温度sensor 點搞呢
"因為有巴打問, 見得鳩閒, 食飽飯等屎屙, 順便今日換埋

上集傳送門
最後一集 洗冷氣外機
https://lih.kg/bAqMsuV
#12 回覆 - 分享自 LIHKG 討論區

首先比條片intro下先
https://youtube.com/watch?v=Ouebo7iToWQ&feature=share8


開始喇喂
今次個任非常易, 純粹換粒野


就咁, 兩粒sensor




抆出嚟



因為粒野同底板冇標示數值, 咁就要大拆出嚟慢慢度......


好明顯個插頭係連接兩位電阻, 一個sensor一粒


返轉畫一條比尼睇就明


intro條片都講左, ntc sensor 會串住一個電阻, 而ntc配返同電阻一樣數值就屙茄


咁點知個sensor 壞左？
度下咪知lor, 之前已經check左買埋零件, 但太簡單唔想搞, 反正都係夠凍唔停姐, 又巴想知, 整埋比尼


見到冇？ 個插位同電阻線路係連住
他錶打去蜂嗚檔位度響姐係有連接


電阻是15k ohm, 姐係sensor用15k


15k ntc sensor


其實電阻用肉眼睇色環都可耳知幾ohm, 一陣補充



壞同正常分別
黑色係冇壞, Hi埋支凍茶道, 阻值上升


用手捽㷫粒lin頭, 阻值下降
溫變電阻姐係咁解

咁尼又問, 但他佢刀唔係15k ohm wo?
問得好, 所謂15k, 係以室温25'C為標準既時候=15k ohm.......可以自己google下, 有datasheet 可以睇


到壞果粒, 又係點呢？

吓？ 0.7k ohm, 咁柒細, 唔洗試了


新果粒 11k ohm



仆乖, 原來舊果個6mm頭


細L左, 焊d錫算, 其實包錫紙都得


焊完6mm


順便包條熱縮膠


火機譚佢老味, 熱縮鳩~



插返入去, 上機


呢個窿得閒同佢下打茄輪, 插下佢, 就唔會成日滴水, 塞去水







compressor red light, 姐係有行, 停要夠凍先, 觀察下



點解用第隻他錶, 晒命呀？
唔係, 首先呢啲錶好平, 同埋呢隻比較電子野用, 不過冇auto功能, 要打嚟打去, 如果想買靚, 精度高, 反應快, 買符碌牌（fluke）


一陣補充埋電阻如何以肉眼睇數值",［冷氣台］銅管温度sensor 點搞呢
好撚痴線,［冷氣台］銅管温度sensor 點搞呢
"之前喺香港都試過
日立窗口機壓縮機係咁開唔識停結果我拆咗個探熱針出嚟 去上海街$70配咗一粒裝上去搞掂",［冷氣台］銅管温度sensor 點搞呢
淘哥先兩蚊人仔粒,［冷氣台］銅管温度sensor 點搞呢
算啦，$70貨仔俾人讚吓錢啦,［冷氣台］銅管温度sensor 點搞呢
屌你老母用淘寶對唔對得住倉底手足？,［冷氣台］銅管温度sensor 點搞呢
屌你老母用淘寶對唔對得住倉底手足？,深水埗電子特賣城係咪就嚟上市?
"屌你老味日日人流勁撚過成個黃金
裏面職員求其數吓都30個
我懷疑佢中環開鋪都頂得住租金",深水埗電子特賣城係咪就嚟上市?
"唔敢入
一陣男甩佬味",深水埗電子特賣城係咪就嚟上市?
職員勁在記得晒啲價錢,深水埗電子特賣城係咪就嚟上市?
"其實行多兩步有間淘多多仲平
啲野再齊啲",深水埗電子特賣城係咪就嚟上市?
九城係山寨貨，同自己淘寶有乜分別,深水埗電子特賣城係咪就嚟上市?
仲要近乎全現金流,深水埗電子特賣城係咪就嚟上市?
平過淘寶,深水埗電子特賣城係咪就嚟上市?
"有，淘寶要等，又要比錢集運，又要搞集運

最後個價錢計埋都未必平過特賣城",深水埗電子特賣城係咪就嚟上市?
平過淘寶,深水埗電子特賣城係咪就嚟上市?
個間一定無電子特賣城平,深水埗電子特賣城係咪就嚟上市?
擺邊 價錢 全部記得哂,深水埗電子特賣城係咪就嚟上市?
"仲有肥仔開倉
我買耳機/細件野都揀佢唔上淘寶
淘寶又要等條友pack貨, 內地運去集運倉
集運倉寄順豐運落來
4,5日時間走唔甩又蝕左2層運費
咁不如益本地果D特賣店
用順豐運都係2日內收到",深水埗電子特賣城係咪就嚟上市?
唔洗去深水埗,深水埗電子特賣城係咪就嚟上市?
佢地係咪唔怕比人偷野,深水埗電子特賣城係咪就嚟上市?
"會捉人
貼你個樣係間鋪
傻豬",深水埗電子特賣城係咪就嚟上市?
隔離淘多多上先，咁快開埋分店,深水埗電子特賣城係咪就嚟上市?
真,深水埗電子特賣城係咪就嚟上市?
"有咩事又冇得退
不過我係特賣城買過既野，好多都係用一次就唔玩",深水埗電子特賣城係咪就嚟上市?
淘寶有得退？,深水埗電子特賣城係咪就嚟上市?
地下D舖比佢地迫走晒，變晒做倉，外圍又勁多抄佢地開舖,深水埗電子特賣城係咪就嚟上市?
我就係話淘寶買完有咩事冇得退,深水埗電子特賣城係咪就嚟上市?
本身個個都死場黎架啦,深水埗電子特賣城係咪就嚟上市?
咁癲,深水埗電子特賣城係咪就嚟上市?
,深水埗電子特賣城係咪就嚟上市?
,Metoo風暴後 台灣總統大選最新民調顯示：柯文哲以超過30%支持率力壓賴清德、侯友宜奪榜首！
,Metoo風暴後 台灣總統大選最新民調顯示：柯文哲以超過30%支持率力壓賴清德、侯友宜奪榜首！
灣灣回家,Metoo風暴後 台灣總統大選最新民調顯示：柯文哲以超過30%支持率力壓賴清德、侯友宜奪榜首！
"2024總統大選距今剩下6個月，《TVBS民調中心》上月19日公布調查結果顯示，民眾黨總統參選人柯文哲支持度33%，首度領先藍綠候選人拿下第一。時隔一個月，據《CNEWS匯流新聞網》今（7）日公布最新總統大選民調顯示，柯文哲支持率再居冠，以30.8%領先民進黨總統參選人賴清德的29.3%，以及國民黨總統參選人侯友宜的18.5%。

民眾黨主席柯文哲首次在「匯流民調」中居第一。從年齡層來看，40歲以下的年輕人，有54.9%支持柯文哲，柯文哲獲得的年輕人支持率，可說「輾壓」賴清德與侯友宜；但柯文哲的弱勢在於40歲以上民眾，中高年齡支持者，有33.7%挺賴，22.9％挺侯，20.9%挺柯。

依照教育程度來看，教育程度越高者，支持柯文哲比例越高，大學或以上教育程度者，有47.6%挺柯；國初中以下教育程度者，相對來說支持賴的比例最高；侯友宜則最受專科學歷者支持。

而從政黨傾向分析，柯文哲可以吸收到78.9%民眾黨支持，也有52.6%時代力量支持者，20.3%國民黨支持者轉而相挺；相對來說柯文哲對民進黨支持者吸引度較差，僅有5.2%民進黨支持者挺柯；至於中間選民，相對來說挺柯比例最高，達23.1%。

本次「匯流民調」由CNEWS匯流新聞網民調中心委託精確市場研究公司執行，調查日期為112年6月28日至7月1日晚間，以電話訪問調查方式進行，調查以市內電話合併行動電話方式進行調查，調查對象為戶籍在臺閩地區22縣市，年滿20歲的一般民眾，共完成1,816份有效樣本，其中市內電話完成916份，行動電話完成900份。調查抽樣誤差在95%信心水準下，為正負2.31個百分點。

總統民調／政壇me too風暴後　柯文哲領先賴清德居第一
https://news.tvbs.com.tw/politics/2172953",Metoo風暴後 台灣總統大選最新民調顯示：柯文哲以超過30%支持率力壓賴清德、侯友宜奪榜首！
樂色不分藍綠,Metoo風暴後 台灣總統大選最新民調顯示：柯文哲以超過30%支持率力壓賴清德、侯友宜奪榜首！
"柯p選到就好睇
呆彎第一",Metoo風暴後 台灣總統大選最新民調顯示：柯文哲以超過30%支持率力壓賴清德、侯友宜奪榜首！
幼兒園落藥單野係關邊個事,Metoo風暴後 台灣總統大選最新民調顯示：柯文哲以超過30%支持率力壓賴清德、侯友宜奪榜首！
含淚投票到含撚投票咪變香港泛民囉 真係有得輸先迫到綠營做好啲,Metoo風暴後 台灣總統大選最新民調顯示：柯文哲以超過30%支持率力壓賴清德、侯友宜奪榜首！
留意返匯流係柯P新聞網,Metoo風暴後 台灣總統大選最新民調顯示：柯文哲以超過30%支持率力壓賴清德、侯友宜奪榜首！
"民進黨仲繼續腐敗無能
仲玩香港民主自由牌拉票
真係輸咗都唔意外",Metoo風暴後 台灣總統大選最新民調顯示：柯文哲以超過30%支持率力壓賴清德、侯友宜奪榜首！
應該好過陳水扁少少。,Metoo風暴後 台灣總統大選最新民調顯示：柯文哲以超過30%支持率力壓賴清德、侯友宜奪榜首！
,Metoo風暴後 台灣總統大選最新民調顯示：柯文哲以超過30%支持率力壓賴清德、侯友宜奪榜首！
"其實有睇開台灣政治新聞同台北施政既就會明.
柯選到台灣先有救",Metoo風暴後 台灣總統大選最新民調顯示：柯文哲以超過30%支持率力壓賴清德、侯友宜奪榜首！
定係到時又自己整隻黑天鵝谷返綠黨上去,Metoo風暴後 台灣總統大選最新民調顯示：柯文哲以超過30%支持率力壓賴清德、侯友宜奪榜首！
民進黨全面執政八年，比柯P做下都無壞啦,Metoo風暴後 台灣總統大選最新民調顯示：柯文哲以超過30%支持率力壓賴清德、侯友宜奪榜首！
民眾黨先係台灣希望，民進黨根本唔當香港係自己人，唔理九二共識同兩岸條例,Metoo風暴後 台灣總統大選最新民調顯示：柯文哲以超過30%支持率力壓賴清德、侯友宜奪榜首！
"人地民主投票
我地呢班香港人又笑乜春",Metoo風暴後 台灣總統大選最新民調顯示：柯文哲以超過30%支持率力壓賴清德、侯友宜奪榜首！
"侯有移冇第一時間安定民心
重想好似以前咁大事化小小事化無就係咁先",Metoo風暴後 台灣總統大選最新民調顯示：柯文哲以超過30%支持率力壓賴清德、侯友宜奪榜首！
CNEWS匯流新聞網 白色中天,Metoo風暴後 台灣總統大選最新民調顯示：柯文哲以超過30%支持率力壓賴清德、侯友宜奪榜首！
"真. 之前我都信左民進黨講柯係中共代言人
不過認真去睇返佢台北市長施政.
同埋咁多年言行就明, 柯都係台獨, 不過就唔會主動去激嬲中共.

而民主黨係只要係佢選舉對手就係中共代言人",Metoo風暴後 台灣總統大選最新民調顯示：柯文哲以超過30%支持率力壓賴清德、侯友宜奪榜首！
"係
民調迫到咁近先同你大撒幣",Metoo風暴後 台灣總統大選最新民調顯示：柯文哲以超過30%支持率力壓賴清德、侯友宜奪榜首！
"奶共總統
在台港人準備回家",Metoo風暴後 台灣總統大選最新民調顯示：柯文哲以超過30%支持率力壓賴清德、侯友宜奪榜首！
"奶綠撚唔係咁樣睇
佢哋認為俾國民黨或者柯P做
台灣就會變成特別行政區
去台灣就可以用歡樂卡",Metoo風暴後 台灣總統大選最新民調顯示：柯文哲以超過30%支持率力壓賴清德、侯友宜奪榜首！
佢做到都跛腳啦,Metoo風暴後 台灣總統大選最新民調顯示：柯文哲以超過30%支持率力壓賴清德、侯友宜奪榜首！
"台灣男人真係抵畀女人打壓
好多狗公
Metoo一定會盲目支持女方",Metoo風暴後 台灣總統大選最新民調顯示：柯文哲以超過30%支持率力壓賴清德、侯友宜奪榜首！
tvbs,Metoo風暴後 台灣總統大選最新民調顯示：柯文哲以超過30%支持率力壓賴清德、侯友宜奪榜首！
tvbs,【有磚】貼一首大師級電影配樂
"https://youtu.be/2Iio8QmZY8A
劇情on撚鳩，配樂先係靈魂",【有磚】貼一首大師級電影配樂
https://youtu.be/UDVtMYqUAyw,【有磚】貼一首大師級電影配樂
https://youtu.be/SORlV8qAuIs,【有磚】貼一首大師級電影配樂
"https://youtu.be/NqkhNy7hAHY

點可以冇佢？",【有磚】貼一首大師級電影配樂
"batman returns片頭
英國Alevel music教材
https://youtu.be/E_L04BPyxYo",【有磚】貼一首大師級電影配樂
https://youtu.be/osuD6Kpw2AA,【有磚】貼一首大師級電影配樂
Hans Zimmer全部,【有磚】貼一首大師級電影配樂
"https://youtu.be/a6RnT8uxOiw

Arrival",【有磚】貼一首大師級電影配樂
"Interstellar the dark knight trilogy inception 全部音樂
黎緊有 Oppenheimer",【有磚】貼一首大師級電影配樂
https://youtu.be/LGs_vGt0MY8,【有磚】貼一首大師級電影配樂
https://www.youtube.com/watch?v=5TbWJJMdLsY,【有磚】貼一首大師級電影配樂
"Ecstasy of gold
https://m.youtube.com/watch?v=ubVc2MQwMkg",【有磚】貼一首大師級電影配樂
https://youtu.be/-asz8vP9S1c,【有磚】貼一首大師級電影配樂
https://youtu.be/xjJnWuA7-ps,【有磚】貼一首大師級電影配樂
,【有磚】貼一首大師級電影配樂
"https://youtu.be/lgXW6XDnhXA

抒情嘅",【有磚】貼一首大師級電影配樂
"https://youtu.be/Jh88x9Ejd5U

無論劇情定音樂都係大師級",【有磚】貼一首大師級電影配樂
"My most favorite composer of all time: Eric Serra
1. The Big Blue / Le Grand Bleu
https://youtu.be/_305OhXX_58
2. Leon The Professional
https://youtu.be/mHSW5JqKzyc
3. Nikita
https://youtu.be/Nluf9EwpHN4
4. Lucy
https://youtu.be/6TcxQg-bIsE
5. Anna
https://youtu.be/u_IGQQ-rMxs
and more…",【有磚】貼一首大師級電影配樂
"Gabriel Yared
《Betty Blue / 37.2 Le Matin》
https://youtu.be/WnWGLgfRj9Y（電影配樂版）
https://youtu.be/A9dJWO25VB4 （OST 版本）",【有磚】貼一首大師級電影配樂
https://youtu.be/yyV_eb3p3Zw,【有磚】貼一首大師級電影配樂
"https://youtu.be/J9EZGHcu3E8

既然Hans zimmer 比人po 左 分享下經典中既經典拎埋奧斯卡終身成就獎既Ennio Morricone",【有磚】貼一首大師級電影配樂
"慢過你添
咁po多個大師 john Williams

https://youtu.be/-bTpp8PQSog
Star Wars, ET , JAWS 仲有好多都係佢",【有磚】貼一首大師級電影配樂
"Wedding - The Handmaiden
https://youtu.be/CaZRRDD2z5M
好多人走去聽My Tamako，但係我覺得呢首一路build up仲正

Catwoman - The Batman
https://youtu.be/rl999L1M4Ig
忍唔住貼多首，呢首又係冇咁熱門，但係我覺得比The Batman Theme更好，真係為貓女量身訂做",【有磚】貼一首大師級電影配樂
"Rocky theme song

https://youtu.be/KPhqU--Mq1A

Johnny

https://youtu.be/yRh-dzrI4Z4

今年計 好有打boss feel 嘅
https://youtu.be/iPbt79Vt12U",【有磚】貼一首大師級電影配樂
啲brass同organ好正,【有磚】貼一首大師級電影配樂
啲brass同organ好正,大亞灣核電廠氚排放量等同福島10倍 中国香港核學會及中国香港環團：不能比較
"日本即將排放福島第一核電站核廢水至大海，及後有報道指中國四座核電廠每年的氚排放量遠超褔島，當中鄰近香港的大亞灣核電廠每年氚排放量上限為225兆貝克，是福島核電廠每年排放量的10倍。

香港核學會主席陸炳林指，不能以一般核電廠營運排出的水，與日本褔島受污染的水比較，因為氚含量符合標準則可使用，但核廢水不只含氚，更包括其他放射性物質。另有環團直指如此比較是「混淆視聽」，強調日本褔島排放的核廢水的影響難以估計。

國際原子能機構（IAEA）周二（4日）發表日本核廢水排放計劃的安全性檢視總結報告，指計劃符合其安全標準，對環境影響「微不足道」。早於兩星期前，日本《讀賣新聞》報道，當地政府列出中國四座核電廠每年的氚排放量全部達90兆貝克以上，遠高於福島核電廠每年22兆貝克的排放量。至於距離香港約50公里的大亞灣核電廠，香港核電投資有限公司（HKNIC）的數據顯示，氚的年度監管限值為225兆貝克，等同於福島核電廠的10倍。

Advertising

Advertising

香港核學會主席陸炳林指，氚屬於低能量放射性物質，生物半衰期較短，殘留人類體內時間較內約是7至14天，多喝乾淨水可以透過尿液及出汗排出。他表示，日本福島核電廠的核廢水包括62種放射性核素，包括鈈、鍶、銫等超鈾元素，生物半衰期高達18年，影響較大。他說，雖然日方表示可過濾大部份放射性物質，「但始終減唔曬」，排放的核廢水含更多放射性物質，比起大亞灣核電廠排出的污水「複雜」很多。

他續指，氚為無法分解的物質，很多核電廠亦會排放氚，大亞灣核電廠於監管之下排出的核廢水，對於一般市民而言並無特別風險：「唔可以將一般核電廠營運排出嚟嘅水同褔島事故排出嚟嘅水、受污染嘅水比較，兩件分開嘅事。」

香港地球之友行政總裁洪藹誠則指，如此比較是混淆視聽。他指出，核電廠於正常使用情況之下，液態氚含量附合指定標準則可以排放，但由於今次是褔島核事故導致大量核污水囤積，需要幾十年時間排放，裡面或含很多不同放射性元素。

如果你剩返（大亞灣核電廠）氚同（日本福島核電廠）氚咁比較，大家都係符合（標準），而家個問題就係，你係咪確保（日本福島核電廠排放污水）剩返氚先？

他續指，日方目前不能百分百確保可以完全處理褔島核災的核污水，並且不會有其他物質流出去，數據並不公開透明，令國際社會擔憂：「如果萬一你個技術係出現咗問題嘅話，你雖然聲稱話氚以外你都過濾到，但原來唔係嘅話，一旦比佢流出咗大海，對海洋同人嘅影響係難以估計，因為你排放講緊係幾十年一路排落去。」

www.hk01 .com/%E7%A4%BE%E6%9C%83%E6% 96%B0%E8%81%9 E/916217",大亞灣核電廠氚排放量等同福島10倍 中国香港核學會及中国香港環團：不能比較
"TL; DR 唯一認同係不能比較
一旦比較就違反國安法",大亞灣核電廠氚排放量等同福島10倍 中国香港核學會及中国香港環團：不能比較
好快就轉風向話支持日本排廢水,大亞灣核電廠氚排放量等同福島10倍 中国香港核學會及中国香港環團：不能比較
"咁香港核學會點證明大亞灣核廢水除左氚之外, 係無包括62種放射性核素，包括鈈、鍶、銫等超鈾元素

不過香港啲19學會係覺得自己勁過外國學會
例如香港工程屍學會唔認直接去英國考工程師牌既人, 要另外再interview 多次",大亞灣核電廠氚排放量等同福島10倍 中国香港核學會及中国香港環團：不能比較
孔乙己便漲紅了臉，額上的青筋條條綻出，爭辯道，「竊書不能算偷……竊書！……讀書人的事，能算偷麼？」接連便是難懂的話，什麼「君子固窮」，什麼「者乎」之類，引得衆人都鬨笑起來：店內外充滿了快活的空氣。,大亞灣核電廠氚排放量等同福島10倍 中国香港核學會及中国香港環團：不能比較
UN Approved,大亞灣核電廠氚排放量等同福島10倍 中国香港核學會及中国香港環團：不能比較
"唔信日本標準
然後信支那標準",大亞灣核電廠氚排放量等同福島10倍 中国香港核學會及中国香港環團：不能比較
中國特色社會主義元素,大亞灣核電廠氚排放量等同福島10倍 中国香港核學會及中国香港環團：不能比較
香港人等變做生化人,大亞灣核電廠氚排放量等同福島10倍 中国香港核學會及中国香港環團：不能比較
"裡面或含很多不同放射性元素

咁咪公佈下大家D核電站仲有D咩元素囉",大亞灣核電廠氚排放量等同福島10倍 中国香港核學會及中国香港環團：不能比較
"咁人地國際原子能機構有無睇埋可能存在既其他放射性物質先？如果有審查過而話ok，即係國際認可啦，你班人嘈乜9


雖然你知我知大家都知，依家佢地嘈擺到明係政治原因",大亞灣核電廠氚排放量等同福島10倍 中国香港核學會及中国香港環團：不能比較
有害物質對人體無害.jpg,大亞灣核電廠氚排放量等同福島10倍 中国香港核學會及中国香港環團：不能比較
"梗係不能比較
你大亞灣高10000倍都好, 背後有暖心故事
福島只係食屎狗",大亞灣核電廠氚排放量等同福島10倍 中国香港核學會及中国香港環團：不能比較
科學都不能比較?,大亞灣核電廠氚排放量等同福島10倍 中国香港核學會及中国香港環團：不能比較
支那野永遠都係對世界無害既,大亞灣核電廠氚排放量等同福島10倍 中国香港核學會及中国香港環團：不能比較
1+1就係3 你果d邊叫數學,大亞灣核電廠氚排放量等同福島10倍 中国香港核學會及中国香港環團：不能比較
"有其它嘢
你咪再一齊比較囉
好難咩",大亞灣核電廠氚排放量等同福島10倍 中国香港核學會及中国香港環團：不能比較
"拎埋其他元素比囉
乜宜家啲香港啲科學家咁無科學精神",大亞灣核電廠氚排放量等同福島10倍 中国香港核學會及中国香港環團：不能比較
"政治凌駕科學嘅野你識條鐵咩
你以為重係當年賽先生果時呀?",大亞灣核電廠氚排放量等同福島10倍 中国香港核學會及中国香港環團：不能比較
曾志矮高過薑B,大亞灣核電廠氚排放量等同福島10倍 中国香港核學會及中国香港環團：不能比較
咩叫核學會，第一次聽,大亞灣核電廠氚排放量等同福島10倍 中国香港核學會及中国香港環團：不能比較
香港專家就嚟可以同英國研究/南韓起源齊名,大亞灣核電廠氚排放量等同福島10倍 中国香港核學會及中国香港環團：不能比較
"冇得比較,咁你拎日本嚟同邊個比,別國內政喎",大亞灣核電廠氚排放量等同福島10倍 中国香港核學會及中国香港環團：不能比較
香港專家食屎就叻,大亞灣核電廠氚排放量等同福島10倍 中国香港核學會及中国香港環團：不能比較
XG01又洗地,大亞灣核電廠氚排放量等同福島10倍 中国香港核學會及中国香港環團：不能比較
XG01又洗地,大排檔放題索價$288，網民：「我有信心食到檔野蝕本！」
"大排檔作為香港特色，不少人都愛叫小炒配啤酒！最近有網民在討論區以「原來依家癲到大排檔都有放題」為主題，引來網民討論，有人認為「3碟加啤洒已回本 一碟小炒都至少$120」，亦有人問「大排檔同雙餸飯有咩分別」。



樓主開首就言明「唔講邊間 我就唔會去食 有時限」，因此未有提供詳情，但很快就有網民「起底」餐廳，指放題限時90分鐘，3個套餐收費分別為$288、$388及$488：最平的$288可任食多款小炒及砂鍋煲仔菜、小食，亦有任飲飲品；而$388則包任食火鍋和麻辣水煮菜；最貴的$488更可任點40多款海鮮小菜。





該餐廳在食評網評分不錯，不過食放題都有不少規則要守，例如「每人每次只可以叫兩款，不限次數，食完方可再叫。」、「所有小菜一律例牌份量，不會因人數而定製」，而所有食物即叫即做，因此不要催單。另外逢周五至日、公眾假期及前夕，要每位另加$100。



網民對於「大排檔放題」意見兩極，有人表示：「4百幾蚊，如果兩個人去。啲海鮮味道好同啲款鍾意其實還好。有時去依啲大排檔食小炒兩個人去叫唔得多，平均都係依啲價。如果佢做到按人數份量少啲，味道好。依個價一定會有人去食。」亦有人笑言「椒鹽鮮魷我有信心食到檔野蝕本」。



不過大部分網民對於限時90分鐘非常不滿，計過每人都最多食到4碟，而且小炒易飽，感覺不划算，「次次食都4個鐘左右 90分鐘不了」、「當佢5分鐘出菜 咁都好好笑 而家食意大利菜？一道一道上？」，亦有網民表示，平日去大排檔都不用加一，「大排檔有咩服務可言 點解可以收加一？」",大排檔放題索價$288，網民：「我有信心食到檔野蝕本！」
"食到4碟都夠啦
平時一碟都一舊水
不過限住叫要食完先叫得好不爽
食得大排檔就係吹住水慢慢食慢慢飲, 要食得快就無癮啦",大排檔放題索價$288，網民：「我有信心食到檔野蝕本！」
食完成再叫得，咁水煮魚要食哂啲配菜先得？,大排檔放題索價$288，網民：「我有信心食到檔野蝕本！」
同條女講：今晚去食間新開嘅放題,大排檔放題索價$288，網民：「我有信心食到檔野蝕本！」
"放題自助餐精粹係少食多滋味
佢樣樣野都一個例牌咁大碟食唔得多
圍返條數根本同平時散叫一樣",大排檔放題索價$288，網民：「我有信心食到檔野蝕本！」
食大檔就係要隊住啤食住煙吹水坐佢4-5粒鐘,大排檔放題索價$288，網民：「我有信心食到檔野蝕本！」
佐敦新肥泉,大排檔放題索價$288，網民：「我有信心食到檔野蝕本！」
係啊 飲埋D湯啊碌柒咁,大排檔放題索價$288，網民：「我有信心食到檔野蝕本！」
"90分鐘
每次兩碟例牌份量
食完先可以再叫
冇得追單
Cls",大排檔放題索價$288，網民：「我有信心食到檔野蝕本！」
每人488散叫仲好啦,大排檔放題索價$288，網民：「我有信心食到檔野蝕本！」
食完兩碟先有得再嗌,大排檔放題索價$288，網民：「我有信心食到檔野蝕本！」
即整唔比催,大排檔放題索價$288，網民：「我有信心食到檔野蝕本！」
食到四碟當贏,大排檔放題索價$288，網民：「我有信心食到檔野蝕本！」
真係難，但好想試下,大排檔放題索價$288，網民：「我有信心食到檔野蝕本！」
其實如果四個人食，叫到10個餸左右都食叫做食得抵,大排檔放題索價$288，網民：「我有信心食到檔野蝕本！」
"佢都on9,食曬先俾再叫，隨時你連4碟都叫唔到",大排檔放題索價$288，網民：「我有信心食到檔野蝕本！」
"你平時去食最多咪5-6個餸
288個餐牌全部都係平價小菜，炒蜆都無呀
點樣都唔會抵㗎啦，正正經經每人300我食返啲炒蜆炒蟶子加白鱔唔好",大排檔放題索價$288，網民：「我有信心食到檔野蝕本！」
"根本on9,488果個先有齊正常大排檔野
但呢個價，我真係去大排檔食，我用愛文生做例
除非你叫時價果d海鮮好似炒蟹，蟶子王之類
唔係既小菜都係90至100一碟，至貴既都係180蚊左右
幾個fd每人五舊加埋2千幾蚊叫撚到一枱都係，每碟食2啖拎去倒都平過俾5舊食呢間放題仲要食乾脆先俾叫下碟",大排檔放題索價$288，網民：「我有信心食到檔野蝕本！」
我食白飯都有信心食到檔野蝕本,大排檔放題索價$288，網民：「我有信心食到檔野蝕本！」
我唔知其他人點食啦，我通常一家人出去起碼人頭兩個餸，加碟炒飯，加個湯咁，如果好食嘅話都值嘅，hea炒嘅就不了,大排檔放題索價$288，網民：「我有信心食到檔野蝕本！」
我唔係老細都識玩啦，對住大食果d咪出菜慢d，拖到你夠鐘囉,大排檔放題索價$288，網民：「我有信心食到檔野蝕本！」
"每人每次只可以叫兩款，不限次數，食完方可再叫。」、「所有小菜一律例牌份量，不會因人數而定製」，而所有食物即叫即做，因此不要催單。

落完唔出比你點蝕本",大排檔放題索價$288，網民：「我有信心食到檔野蝕本！」
佢好似冇寫可以唔可以拎走,大排檔放題索價$288，網民：「我有信心食到檔野蝕本！」
"個規則定到仲慘過俾共產黨管香港
你食埋我果份",大排檔放題索價$288，網民：「我有信心食到檔野蝕本！」
"每人每次只可以叫兩款，不限次數，食完方可再叫。」、「所有小菜一律例牌份量，不會因人數而定製」，而所有食物即叫即做，因此不要催單。另外逢周五至日、公眾假期及前夕，要每位另加$100。

咁嘅規矩佢賺鳩緊￼，仲要有加一

講明話每次每人叫兩樣餸，但啲餸十幾個人都係咁大碟，你叫第一輪已經要等，講明即叫即整，我當佢快手15分鐘上齊，等你食完先可以再叫，之後又係咁重覆之前個流程，得90分鐘，佢仲可以專登遲啲上菜，平均應該最多食兩輪到

仲有平日先係288，假期前夕都要加100咁星期五算唔算假期前夕即係可能得1至4係呢個價

啲咁嘅條款點會蝕，分分仲就咁散叫仲抵

計番10個人假期去食，仲要限時，398一個，十個就3980再加加一，即係落樓成4400，十個人散叫有啲人冇咁大食嘅，可能仲平",大排檔放題索價$288，網民：「我有信心食到檔野蝕本！」
"每人每次只可以叫兩款，不限次數，食完方可再叫。」、「所有小菜一律例牌份量，不會因人數而定製」，而所有食物即叫即做，因此不要催單。另外逢周五至日、公眾假期及前夕，要每位另加$100。

咁嘅規矩佢賺鳩緊￼，仲要有加一

講明話每次每人叫兩樣餸，但啲餸十幾個人都係咁大碟，你叫第一輪已經要等，講明即叫即整，我當佢快手15分鐘上齊，等你食完先可以再叫，之後又係咁重覆之前個流程，得90分鐘，佢仲可以專登遲啲上菜，平均應該最多食兩輪到

仲有平日先係288，假期前夕都要加100咁星期五算唔算假期前夕即係可能得1至4係呢個價

啲咁嘅條款點會蝕，分分仲就咁散叫仲抵

計番10個人假期去食，仲要限時，398一個，十個就3980再加加一，即係落樓成4400，十個人散叫有啲人冇咁大食嘅，可能仲平",點先可以食到大面bella
好撚正,點先可以食到大面bella
你有冇佢咁大食先,點先可以食到大面bella
pizza hut,點先可以食到大面bella
個胃要夠大,點先可以食到大面bella
有錢過褲仔(婚前),點先可以食到大面bella
借錢緊要還 咪比錢中介,點先可以食到大面bella
"搵個大臉肥婆做女友
迫佢改名叫 bella
搞掂",點先可以食到大面bella
